,name,xP,bps,creativity,ict_index,influence,opponent_team,threat,total_points,was_home,GW,Shots on target 
0,Aaron Connolly,0.5,-3,0.3,3.4,1.2,5,32,1,1,,
14,Albian Ajeti,0,0,0,0,0,14,0,0,1,,
15,Aleksandar Mitrović,0.8,3,0.3,1,3,1,7,1,1,,
16,Alexandre Lacazette,4,29,12.7,9.9,38.6,8,48,7,0,,
33,Andy Carroll,1.5,3,14,6.9,7,19,48,2,0,,
53,Billy Sharp,1.8,-4,3,2.7,1.4,20,23,2,1,,
54,Bobby Decordova-Reid,0.5,4,0.4,0.2,0,1,2,1,1,,
59,Callum Robinson,0.5,-3,1.3,0.1,0,9,2,1,1,,
60,Callum Wilson,2.1,32,23.3,10.5,32,19,50,8,0,,
64,Cenk Tosun,0,0,0,0,0,17,0,0,0,,
65,Charlie Austin,0.5,0,0,0,0,9,0,0,1,,
67,Che Adams,1.8,3,13.1,3.9,4.4,6,21,2,0,,
69,Christian Benteke,0,0,0,0,0,16,0,0,1,,
75,Connor Wickham,0,0,0,0,0,16,0,0,1,,
86,Danny Ings,3,1,11.2,8,8.6,6,60,2,0,,
96,David McGoldrick,1.5,2,2.7,1.2,0.8,20,8,1,1,,
105,Divock Origi,3,0,0,0,0,10,0,0,1,,
106,Dominic Calvert-Lewin,1.8,34,13.7,8.6,38.4,17,34,8,0,,
107,Dwight Gayle,0,0,0,0,0,19,0,0,0,,
109,Edward Nketiah,2.8,3,0,0,0,8,0,1,0,,
122,Fabio Silva,1.5,0,0,0,0,15,0,0,0,,
131,Florin Andone,0,0,0,0,0,5,0,0,1,,
141,Glenn Murray,0,0,0,0,0,5,0,0,1,,
146,Hal Robson-Kanu,0.5,3,0.1,0.3,2,9,1,1,1,,
149,Harry Kane,4.5,7,22.5,5.2,8,7,21,2,1,,
183,Jamie Vardy,4.8,52,10.3,11.8,71.2,18,36,13,0,,
197,Joelinton Cássio Apolinário de Lira,1.8,4,11.2,2.6,7.2,19,8,1,0,,
212,Jordan Ayew,1.8,-7,0.8,2.9,9.2,16,19,2,1,,
214,Jordan Hugill,0,0,0,0,0,14,0,0,1,,
233,Kelechi Iheanacho,2.8,0,0,0,0,18,0,0,0,,
235,Kenneth Zohore,0,0,0,0,0,9,0,0,1,,
249,Leonardo Campana,1.3,0,0,0,0,15,0,0,0,,
260,Lys Mousset,1.8,0,0,0,0,20,0,0,1,,
261,Léo Bonatini,1.3,0,0,0,0,15,0,0,0,,
296,Michael Obafemi,1.3,0,0,0,0,6,0,0,0,,
297,Michail Antonio,2.1,0,11.8,8,5.4,14,63,2,1,,
298,Michy Batshuayi,1.8,0,0,0,0,16,0,0,1,,
303,Moise Kean,1.3,2,0,0.4,0,17,4,1,0,,
313,Neal Maupay,1.1,1,1,0.7,0,5,8,2,1,,
319,Oliver McBurnie,1.8,3,15.3,6.8,12,20,41,1,1,,
322,Olivier Giroud,3.3,0,0,0,0,3,0,0,0,,
331,Patrick Bamford,0.1,28,0.5,6.8,40,11,27,7,0,,
339,Raúl Jiménez,3,29,8.5,9.8,41.2,15,48,8,0,,
343,Rhian Brewster,2.5,0,0,0,0,10,0,0,1,,
345,Richarlison de Andrade,2.3,17,13.8,10.7,26.2,17,67,2,0,,
346,Roberto Firmino,5,10,7.2,5.1,5.8,10,38,1,1,,
351,Rodrigo Moreno,0.3,0,0.3,0,0,11,0,1,0,,
376,Shane Long,1.5,4,0,0.4,2,6,2,1,0,,
387,Sébastien Haller,2.1,2,10.7,4.1,2.4,14,28,1,1,,
389,Tammy Abraham,3.6,0,0,0,0,3,0,0,0,,
395,Timo Werner,4.5,10,11.7,9.6,4.8,3,79,5,0,,
420,Yoshinori Muto,1.3,0,0,0,0,19,0,0,0,,
425,Aaron Connolly,4,27,11.3,6.9,34.8,14,23,8,0,,
442,Albian Ajeti,0,0,0,0,0,1,0,0,0,,
443,Aleksandar Mitrović,6.5,47,7.5,15.9,75.2,10,76,12,0,,
444,Alexandre Lacazette,7.5,29,5.7,7,33,19,31,7,1,,
462,Andy Carroll,2,1,0.3,0.6,3.2,3,2,1,1,,
468,Anthony Martial,2.5,4,6,3.5,1.2,6,28,2,1,,
473,Ashley Barnes,0,0,0,0,0,9,0,0,0,,
494,Billy Sharp,1.5,0,0,0,0,2,0,0,0,,
496,Bobby Decordova-Reid,3,28,0.5,5.2,34.6,10,17,5,0,,
505,Callum Robinson,1,2,25,4.6,7.6,7,13,2,0,,
506,Callum Wilson,5.5,-1,0.8,0.8,0,3,10,2,1,,
510,Cenk Tosun,0,0,0,0,0,18,0,0,1,,
511,Charlie Austin,-0.5,0,0,0,0,7,0,0,0,,
514,Che Adams,1,-6,21.2,10,6.4,17,72,1,1,,
516,Christian Benteke,0,0,0,0,0,13,0,0,0,,
522,Chris Wood,5.5,24,1.1,8.2,37.2,9,44,6,0,,
525,Connor Wickham,0,0,0,0,0,13,0,0,0,,
538,Danny Ings,6,50,3.7,10.6,64.2,17,38,11,1,,
549,David McGoldrick,1.5,1,0.2,0,0,2,0,1,0,,
559,Divock Origi,0.5,0,0,0,0,5,0,0,0,,
560,Dominic Calvert-Lewin,13,74,0.4,24.4,99.6,18,144,17,1,,
563,Dwight Gayle,0,0,0,0,0,3,0,0,1,,
567,Edward Nketiah,5,31,0.1,5.5,34,19,21,8,1,,
585,Fabio Silva,-0.5,3,0,0,0,12,0,1,1,,
596,Florin Andone,0,0,0,0,0,14,0,0,0,,
601,Gabriel Fernando de Jesus,7,28,13.8,10.6,47,20,45,6,0,,
609,Glenn Murray,0,0,0,0,0,14,0,0,0,,
614,Hal Robson-Kanu,0,0,0,0,0,7,0,0,0,,
617,Harry Kane,12,81,40.8,18.4,108.4,16,35,21,0,,
631,Indiana Vassilev,0,0,0,0,0,15,0,0,1,,
660,Jamie Vardy,8,6,11.2,3.6,2.6,4,22,2,1,,
670,Jay Rodriguez,0.5,2,11.2,2.8,3.6,9,13,1,0,,
678,Joelinton Cássio Apolinário de Lira,1.5,3,0.8,0.3,2.2,3,0,1,1,,
696,Jordan Ayew,3,13,0.3,4.9,7.2,13,41,5,0,,
698,Jordan Hugill,0,0,0,0,0,1,0,0,0,,
723,Keinan Davis,0.5,3,12.9,2.3,4.4,15,6,1,1,,
724,Kelechi Iheanacho,0.5,0,0,0,0,4,0,0,1,,
726,Kenneth Zohore,0,0,0,0,0,7,0,0,0,,
744,Leonardo Campana,-1,0,0,0,0,12,0,0,1,,
747,Liam Delap,2,0,0,0,0,20,0,0,0,,
757,Lys Mousset,0,0,0,0,0,2,0,0,0,,
758,Léo Bonatini,-1,0,0,0,0,12,0,0,1,,
778,Matej Vydra,0.5,5,10.6,5.1,4.2,9,36,1,0,,
800,Mbwana Samatta,-0.5,0,0,0,0,15,0,0,1,,
804,Michael Obafemi,-0.5,0,0,0,0,17,0,0,1,,
805,Michail Antonio,3.5,17,2.6,10.2,29.4,1,70,6,0,,
806,Michy Batshuayi,0,1,0,0.2,1.4,13,1,1,0,,
811,Moise Kean,1.5,-1,1.3,0.5,0,18,7,1,1,,
822,Neal Maupay,8.5,66,14.6,16.3,88.4,14,60,16,0,,
830,Odion Ighalo,1.5,1,0.1,0.2,0,6,2,1,1,,
834,Oliver McBurnie,1.5,4,10.3,1.9,4.4,2,4,1,0,,
837,Olivier Giroud,-0.5,0,0,0,0,11,0,0,1,,
838,Ollie Watkins,1.5,0,23.4,5.6,0,15,34,2,1,,
847,Patrick Bamford,10.5,45,11.9,8.3,50.4,8,21,14,1,,
860,Raúl Jiménez,6,26,1.9,6.9,34,12,33,6,1,,
864,Rhian Brewster,0.5,0,0,0,0,5,0,0,0,,
866,Richarlison de Andrade,7.5,40,22.9,14.1,39.4,18,79,12,1,,
869,Roberto Firmino,3.5,21,35.3,10.7,23.4,5,48,5,0,,
875,Rodrigo Moreno,1,5,0.7,0.5,0,8,4,1,1,,
901,Sergio Agüero,0,0,0,0,0,20,0,0,0,,
904,Shane Long,0.5,1,0.5,0.3,0,17,4,1,1,,
915,Sébastien Haller,0.5,1,0.3,0,0,1,0,1,0,,
918,Tammy Abraham,0,3,0,2.2,5,11,17,1,1,,
927,Timo Werner,3,10,12.4,3.5,12,11,11,2,1,,
944,Wesley Moraes,0,0,0,0,0,15,0,0,1,,
957,Yoshinori Muto,0,0,0,0,0,3,0,0,1,,
964,Aaron Connolly,2.7,2,12.1,1.9,0,13,8,2,1,,
981,Albian Ajeti,0,0,0,0,0,20,0,0,1,,
982,Aleksandar Mitrović,5,-1,12.1,5.7,0,2,52,2,1,,
983,Alexandre Lacazette,6.5,22,11.4,10.7,40.4,11,55,7,0,,
1001,Andy Carroll,1.8,11,1.8,2.3,0,17,22,4,0,,
1007,Anthony Martial,3,6,3.8,3.3,1.6,3,28,2,0,,
1012,Ashley Barnes,0,0,0,0,0,16,0,0,1,,
1034,Billy Sharp,1.5,1,0.1,2.1,2,10,19,1,1,,
1036,Bobby Decordova-Reid,2.3,2,9.9,4,2,2,28,1,1,,
1045,Callum Robinson,4.3,54,4,10.3,64,5,35,13,1,,
1046,Callum Wilson,5.5,29,2.4,5.5,33.2,17,19,8,0,,
1051,Cenk Tosun,0,0,0,0,0,6,0,0,0,,
1052,Charlie Austin,-1,0,0,0,0,5,0,0,1,,
1055,Che Adams,2.7,18,11.3,4.2,22.8,4,8,5,0,,
1057,Christian Benteke,0.3,3,0,0.4,0,7,4,1,1,,
1063,Chris Wood,4,2,3.1,2.9,1.2,16,25,2,1,,
1067,Connor Wickham,0,0,0,0,0,7,0,0,1,,
1081,Danny Ings,7.3,37,4.6,6.9,41,4,23,9,0,,
1092,David McGoldrick,1.8,5,12,1.9,1.8,10,5,2,1,,
1103,Divock Origi,0.5,0,0,0,0,1,0,0,1,,
1104,Dominic Calvert-Lewin,10.3,21,6.2,8.7,36.2,6,45,6,0,,
1107,Dwight Gayle,0,0,0,0,0,17,0,0,0,,
1112,Edward Nketiah,2.8,1,0.1,0.1,0,11,2,1,0,,
1130,Fabio Silva,0.7,0,13.1,5.6,3.2,19,40,1,0,,
1141,Florin Andone,0,0,0,0,0,13,0,0,1,,
1146,Gabriel Fernando de Jesus,0.9,0,0,0,0,9,0,0,1,,
1155,Glenn Murray,0,0,0,0,0,13,0,0,1,,
1160,Hal Robson-Kanu,-0.2,3,10.6,2,1.2,5,8,1,1,,
1163,Harry Kane,9.8,7,23.5,19.1,29.8,14,138,5,1,,
1177,Indiana Vassilev,0,0,0,0,0,8,0,0,0,,
1207,Jamie Vardy,10.2,82,0.5,17.7,105.2,12,71,17,0,,
1218,Jay Rodriguez,0.1,0,0,0,0,16,0,0,1,,
1226,Joelinton Cássio Apolinário de Lira,0.5,6,6.2,1.5,8.8,17,0,1,0,,
1244,Jordan Ayew,3,3,2.2,1,6,7,2,2,1,,
1246,Jordan Hugill,0,0,0,0,0,20,0,0,1,,
1271,Keinan Davis,0.5,0,0,0,0,8,0,0,0,,
1272,Kelechi Iheanacho,-0.2,2,0.3,0,0,12,0,1,0,,
1274,Kenneth Zohore,0,0,0,0,0,5,0,0,1,,
1293,Leonardo Campana,0,0,0,0,0,19,0,0,0,,
1296,Liam Delap,1,0,0.3,0.2,0,9,4,1,1,,
1306,Lys Mousset,0,0,0,0,0,10,0,0,1,,
1307,Léo Bonatini,0,0,0,0,0,19,0,0,0,,
1328,Matej Vydra,1.5,5,16.5,4.8,4.2,16,27,2,1,,
1350,Mbwana Samatta,0,0,0,0,0,8,0,0,0,,
1355,Michael Obafemi,0.3,2,0.1,0.1,0.4,4,0,1,0,,
1356,Michail Antonio,3.3,5,14.3,7.6,18,20,44,2,1,,
1357,Michy Batshuayi,0.7,1,0.3,0.2,0,7,2,1,1,,
1362,Moise Kean,0.7,0,0,0,0,6,0,0,0,,
1373,Neal Maupay,7.7,33,38.7,14.1,40.2,13,62,8,1,,
1382,Odion Ighalo,1.5,0,0,0,0,3,0,0,0,,
1386,Oliver McBurnie,1.5,2,1.3,0.7,1.2,10,4,1,1,,
1389,Olivier Giroud,1.3,3,1.8,0.8,0,18,6,1,0,,
1390,Ollie Watkins,2,3,12,2.9,1.8,8,15,2,0,,
1399,Patrick Bamford,9.2,29,12.4,9.1,34.6,15,44,8,0,,
1412,Raúl Jiménez,4.7,-1,7.2,5.4,0,19,47,0,0,,
1416,Rhian Brewster,0.5,0,0,0,0,1,0,0,1,,
1418,Richarlison de Andrade,7.3,32,3.2,7,42,6,25,8,0,,
1421,Roberto Firmino,3.2,12,24.4,5.5,9,1,22,2,1,,
1427,Rodrigo Moreno,0.5,0,3.9,3.2,2.8,15,25,1,0,,
1454,Sergio Agüero,0,0,0,0,0,9,0,0,1,,
1458,Shane Long,0.7,0,0,0,0,4,0,0,0,,
1469,Sébastien Haller,2.3,27,0.3,5,33,20,17,5,1,,
1472,Tammy Abraham,3.3,23,4.2,7.9,29.6,18,45,6,0,,
1481,Timo Werner,4,5,11.3,7.8,8.4,18,58,2,0,,
1498,Wesley Moraes,0,0,0,0,0,8,0,0,0,,
1511,Yoshinori Muto,0,0,0,0,0,17,0,0,0,,
1518,Aaron Connolly,2.7,7,0.3,0.7,3,7,4,2,0,,
1536,Albian Ajeti,0,0,0,0,0,9,0,0,0,,
1537,Aleksandar Mitrović,3.7,8,23.2,6.3,6,20,34,2,0,,
1538,Alexandre Lacazette,5.7,0,0,0,0,15,0,0,1,,
1556,Andy Carroll,1.8,0,0,0,0,4,0,0,1,,
1562,Anthony Martial,1.7,0,1.3,0.8,0.8,17,6,1,1,,
1567,Ashley Barnes,0.3,1,27.2,5.8,1.2,14,30,1,0,,
1589,Billy Sharp,0.5,2,1.5,0.4,0,1,2,1,0,,
1591,Bobby Decordova-Reid,1.7,11,3.9,0.9,5,20,0,2,0,,
1600,Callum Robinson,3.7,3,2,0.7,1.2,16,4,1,0,,
1601,Callum Wilson,8.5,62,21.4,16.6,86.8,4,58,16,1,,
1607,Cenk Tosun,0,0,0,0,0,3,0,0,1,,
1608,Charlie Austin,-0.5,0,0,0,0,16,0,0,0,,
1611,Che Adams,3,1,2.6,3.2,7.8,18,22,2,1,,
1613,Christian Benteke,-0.3,0,0,0,0,5,0,0,0,,
1619,Chris Wood,3.3,2,1.1,3.5,1.2,14,33,2,0,,
1623,Connor Wickham,-0.1,0,0,0,0,5,0,0,0,,
1637,Danny Ings,6.5,9,23.5,5.6,6.8,18,26,2,1,,
1648,David McGoldrick,2.5,33,4.4,6.6,33.2,1,28,8,0,,
1659,Divock Origi,1.5,0,0,0,0,2,0,0,0,,
1660,Dominic Calvert-Lewin,9.7,28,2.3,9.3,41.8,3,49,6,1,,
1663,Dwight Gayle,0,0,0,0,0,4,0,0,1,,
1668,Edward Nketiah,3.3,4,3,2.7,5.4,15,19,1,1,,
1686,Fabio Silva,1,0,0,0,0,8,0,0,1,,
1698,Florin Andone,0,0,0,0,0,7,0,0,0,,
1703,Gabriel Fernando de Jesus,0,0,0,0,0,10,0,0,0,,
1712,Glenn Murray,0,0,0,0,0,7,0,0,0,,
1717,Hal Robson-Kanu,0.3,0,0,1.1,4,16,7,1,0,,
1720,Harry Kane,11,64,32.2,19.6,88.8,13,75,16,0,,
1734,Indiana Vassilev,0,0,0,0,0,11,0,0,1,,
1764,Jamie Vardy,9,-2,1.4,1.8,2.6,19,14,2,1,,
1775,Jay Rodriguez,0.1,0,0,0,0,14,0,0,0,,
1783,Joelinton Cássio Apolinário de Lira,1,9,16,5.1,14.2,4,21,1,1,,
1801,Jordan Ayew,2.3,5,2.8,1.5,4.6,5,8,2,0,,
1803,Jordan Hugill,0,0,0,0,0,9,0,0,0,,
1828,Keinan Davis,-1.2,0,0,0,0,11,0,0,1,,
1829,Kelechi Iheanacho,1,7,15.3,4.1,3.2,19,22,1,1,,
1831,Kenneth Zohore,0,0,0,0,0,16,0,0,0,,
1850,Leonardo Campana,0.5,0,0,0,0,8,0,0,1,,
1853,Liam Delap,1.8,0,0,0,0,10,0,0,0,,
1863,Lys Mousset,0,0,0,0,0,1,0,0,0,,
1864,Léo Bonatini,0,0,0,0,0,8,0,0,1,,
1885,Matej Vydra,1.3,2,0,0.2,0.2,14,2,1,0,,
1907,Mbwana Samatta,0,0,0,0,0,11,0,0,1,,
1912,Michael Obafemi,0.7,0,0,0,0,18,0,0,1,,
1913,Michail Antonio,4,36,22.8,14,44.4,9,73,8,0,,
1914,Michy Batshuayi,0,0,0,0,0,5,0,0,0,,
1919,Moise Kean,0,0,0,0,0,3,0,0,1,,
1930,Neal Maupay,7.5,26,5.8,11.9,40,7,73,6,0,,
1940,Odion Ighalo,0.3,0,0,0,0,17,0,0,1,,
1945,Oliver McBurnie,0.5,2,0.8,1.1,3.4,1,7,1,0,,
1948,Olivier Giroud,0.7,0,0,0,0,6,0,0,1,,
1949,Ollie Watkins,6.2,77,25.7,24.3,124.8,11,92,19,1,,
1958,Patrick Bamford,6,-2,0.9,8,5.2,12,74,1,1,,
1971,Raúl Jiménez,4.5,0,3.1,4,3.4,8,33,2,1,,
1975,Rhian Brewster,-0.5,0,0,0,0,1,0,0,0,,
1977,Richarlison de Andrade,4.7,1,0.7,0.9,0,3,8,1,1,,
1980,Roberto Firmino,4.7,20,22.3,9.1,26.6,2,42,5,0,,
1986,Rodrigo Moreno,1.3,29,22.5,13.7,42.2,12,72,8,1,,
2014,Sergio Agüero,0,0,0,0,0,10,0,0,0,,
2018,Shane Long,1.3,0,0,0,0,18,0,1,1,,
2029,Sébastien Haller,1.5,3,0.3,0,0,9,0,1,0,,
2032,Tammy Abraham,3.5,12,11.3,7,7.4,6,51,5,1,,
2041,Timo Werner,3.3,11,6.2,3.5,9.6,6,19,2,1,,
2060,Wesley Moraes,0,0,0,0,0,11,0,0,1,,
2073,Yoshinori Muto,0,0,0,0,0,4,0,0,1,,
2080,Aaron Connolly,3,13,10.3,3,17.2,6,2,4,0,,
2098,Albian Ajeti,0,0,0,0,0,17,0,0,0,,
2099,Aleksandar Mitrović,0.8,-14,2.8,3.7,0,15,40,0,0,,
2101,Alexandre Lacazette,2.2,2,0,0,0,12,0,1,0,,
2112,Andi Zeqiri,1.3,0,0,0,0,6,0,0,0,,
2120,Andy Carroll,0.7,0,0,0,0,13,0,0,1,,
2126,Anthony Martial,0,0,0,0,0,14,0,0,0,,
2131,Ashley Barnes,1.3,3,11.8,7.8,9.4,18,57,2,0,,
2154,Billy Sharp,2.7,26,0.3,5.1,33.2,8,17,7,1,,
2156,Bobby Decordova-Reid,0.5,0,0,0,0,15,0,0,0,,
2165,Callum Robinson,2.2,1,1.3,0.1,0,4,0,1,1,,
2166,Callum Wilson,6.5,4,12.1,7.2,6.6,13,53,2,1,,
2170,Carlos Vinicius Alves Morais,2.9,0,0,0,0,19,0,0,1,,
2173,Cenk Tosun,0,0,0,0,0,11,0,0,1,,
2174,Charlie Austin,-0.5,0,0,0,0,4,0,0,1,,
2177,Che Adams,4.3,41,16.8,12.5,51.8,5,56,11,0,,
2179,Christian Benteke,0.7,2,0,0.6,4,3,2,1,1,,
2185,Chris Wood,3.5,-8,2.5,3.6,0,18,39,2,0,,
2189,Connor Wickham,0,0,0,0,0,3,0,0,1,,
2204,Danny Ings,6.7,27,0.9,9.8,36.4,5,61,7,0,,
2215,David McGoldrick,2.8,4,2.1,0.9,0,8,9,2,1,,
2226,Divock Origi,0.5,0,0,0,0,7,0,0,0,,
2227,Dominic Calvert-Lewin,5.5,21,3.3,9.3,38.6,11,51,6,1,,
2230,Dwight Gayle,0,0,0,0,0,13,0,0,1,,
2234,Edinson Cavani,0,0,0,0,0,14,0,0,0,,
2236,Edward Nketiah,0.5,3,0.5,0.2,1.2,12,0,1,0,,
2254,Fabio Silva,1,0,0,0,0,10,0,0,0,,
2267,Florin Andone,0,0,0,0,0,6,0,0,0,,
2272,Gabriel Fernando de Jesus,0,0,0,0,0,1,0,0,1,,
2281,Glenn Murray,0,0,0,0,0,6,0,0,0,,
2286,Hal Robson-Kanu,0,0,0,0,0,4,0,0,1,,
2289,Harry Kane,15,69,29.3,20.5,108.4,19,67,16,1,,
2304,Indiana Vassilev,0,0,0,0,0,9,0,0,0,,
2306,Islam Slimani,1.8,3,11.7,1.8,0.2,2,6,1,1,,
2335,Jamie Vardy,4.3,0,0,0,0,2,0,0,1,,
2346,Jay Rodriguez,0.8,3,0.3,0,0,18,0,1,0,,
2355,Joelinton Cássio Apolinário de Lira,0.7,10,10.9,2,6.6,13,2,2,1,,
2373,Jordan Ayew,1.3,0,0,0,0,3,0,0,1,,
2375,Jordan Hugill,0,0,0,0,0,17,0,0,0,,
2398,Karlan Grant,1.4,5,12.4,2.6,1.8,4,12,2,1,,
2401,Keinan Davis,-0.3,0,0,0,0,9,0,0,0,,
2402,Kelechi Iheanacho,1.5,3,22.5,3.5,5.4,2,7,2,1,,
2404,Kenneth Zohore,0,0,0,0,0,4,0,0,1,,
2423,Leonardo Campana,0.5,0,0,0,0,10,0,0,0,,
2426,Liam Delap,0.7,0,0,0,0,1,0,0,1,,
2436,Lys Mousset,0,0,0,0,0,8,0,0,1,,
2437,Léo Bonatini,0,0,0,0,0,10,0,0,0,,
2458,Matej Vydra,1.5,0,0,0,0,18,0,0,0,,
2480,Mbwana Samatta,0,0,0,0,0,9,0,0,0,,
2485,Michael Obafemi,-0.3,0,0,0,0,5,0,0,0,,
2487,Michail Antonio,3.2,-4,21.4,6.9,6.4,17,41,1,0,,
2488,Michy Batshuayi,2,11,1.9,0.8,0.4,3,6,5,1,,
2493,Moise Kean,0,0,0,0,0,11,0,0,1,,
2505,Neal Maupay,8,2,13.2,10.1,5.6,6,82,2,0,,
2515,Odion Ighalo,0.5,0,0,0,0,14,0,0,0,,
2520,Oliver McBurnie,1.7,3,13.6,8,18.6,8,48,2,1,,
2523,Olivier Giroud,0.7,0,0,0,0,16,0,0,1,,
2524,Ollie Watkins,5.7,1,8.5,4.6,10.4,9,27,2,0,,
2534,Patrick Bamford,3.2,3,4,3.1,0.2,20,27,2,1,,
2549,Raúl Jiménez,4.5,32,4.5,6.7,40,10,22,8,0,,
2553,Rhian Brewster,0.7,1,0.3,0.2,1.4,8,0,1,1,,
2555,Richarlison de Andrade,2.2,-6,11.6,2.4,0,11,14,-1,1,,
2558,Roberto Firmino,4,8,28.8,6.2,5.2,7,28,2,0,,
2565,Rodrigo Moreno,3.2,11,31.3,7.2,9.8,20,31,2,1,,
2593,Sergio Agüero,0.5,14,35.2,4.9,4,1,10,2,1,,
2597,Shane Long,0.3,2,0.1,0,0,5,0,1,0,,
2609,Sébastien Haller,1.5,0,0,0,0,17,0,0,0,,
2612,Tammy Abraham,3.7,3,0,0,0,16,0,1,1,,
2622,Timo Werner,6,63,15.4,16,81,16,64,16,1,,
2642,Wesley Moraes,0,0,0,0,0,9,0,0,0,,
2656,Yoshinori Muto,0,0,0,0,0,13,0,0,1,,
2667,Aaron Connolly,2.5,0,0,0,0,18,0,0,1,,
2676,Raúl Jiménez,5.3,33,25.8,9.3,39.2,14,28,9,1,,
2685,Neal Maupay,3.8,-1,2.8,3.3,6.8,18,23,2,1,,
2686,Moise Kean,0,0,0,0,0,16,0,0,0,,
2702,Shane Long,0.2,0,0,0,0,7,0,0,1,,
2709,Jamie Vardy,4.9,26,0.8,7,35.2,1,34,7,0,,
2713,Léo Bonatini,0,0,0,0,0,14,0,0,1,,
2721,Kelechi Iheanacho,1,0,0,0,0,1,0,0,0,,
2728,Gabriel Fernando de Jesus,0,0,0,0,0,19,0,0,0,,
2733,Kenneth Zohore,0,0,0,0,0,3,0,0,0,,
2747,Richarlison de Andrade,0,0,0,0,0,16,0,0,0,,
2749,Danny Welbeck,1.6,0,0,0,0,18,0,0,1,,
2750,Edward Nketiah,1,1,0.5,0,0,9,0,1,1,,
2752,Timo Werner,6.7,5,3.3,2.5,1.6,13,20,2,0,,
2757,Ollie Watkins,6.2,6,24.3,6.4,7.8,10,32,2,1,,
2760,Roberto Firmino,5.5,37,5.6,10.3,36,15,61,9,1,,
2829,Che Adams,6.5,30,5.7,8,40,7,34,8,1,,
2830,Hal Robson-Kanu,0,0,0,0,0,3,0,0,0,,
2831,Andi Zeqiri,0.5,0,0,0,0,18,0,0,1,,
2834,Carlos Vinicius Alves Morais,0.5,0,0,0,0,4,0,0,0,,
2842,Christian Benteke,0.8,0,0,0,0,8,0,0,0,,
2882,Charlie Austin,-0.5,0,0,0,0,3,0,0,0,,
2885,Ashley Barnes,1.2,2,13.8,3.3,1.8,17,17,2,1,,
2910,Albian Ajeti,0,0,0,0,0,12,0,0,1,,
2922,Danny Ings,5.8,30,29.8,8.4,46.4,7,8,10,1,,
2929,Bobby Decordova-Reid,0.5,1,0.4,0,0,6,0,1,1,,
2936,Michy Batshuayi,3.8,19,11,10.6,35.4,8,60,5,0,,
2954,Harry Kane,11,17,12.3,6.9,20.6,4,36,5,0,,
2960,Edinson Cavani,0.4,2,0,2.4,0,5,24,1,1,,
2971,Florin Andone,0,0,0,0,0,18,0,0,1,,
2980,Fabio Silva,0.7,0,0,0,0,14,0,0,1,,
2986,Chris Wood,1.5,3,13.8,5.3,6.6,17,33,2,1,,
3001,Connor Wickham,0,0,0,0,0,8,0,0,0,,
3003,Glenn Murray,0,0,0,0,0,18,0,0,1,,
3014,Mbwana Samatta,0,0,0,0,0,10,0,0,1,,
3020,Lys Mousset,0,0,0,0,0,11,0,0,0,,
3037,Michael Obafemi,-0.5,0,0,0,0,7,0,0,1,,
3038,Dominic Calvert-Lewin,4.8,1,4.4,1.3,4.6,16,4,1,0,,
3048,David McGoldrick,2.7,2,13.8,2.5,1.4,11,10,1,0,,
3059,Yoshinori Muto,0,0,0,0,0,20,0,0,0,,
3062,Daniel N'Lundulu,0.6,3,0,0,0,7,0,1,1,,
3063,Aleksandar Mitrović,1,4,26.3,10,5.6,6,68,2,1,,
3065,Anthony Martial,0,0,0,0,0,5,0,0,1,,
3079,Jay Rodriguez,0.2,3,1.3,0.2,0.2,17,0,1,1,,
3090,Joelinton Cássio Apolinário de Lira,0.7,4,0.3,0.4,1.2,20,2,1,0,,
3102,Patrick Bamford,6.7,74,22.2,23.7,96.4,2,118,17,0,,
3103,Karlan Grant,5,31,10.8,7.4,38,3,25,9,0,,
3105,Callum Robinson,1.5,15,6.7,1.5,4.6,3,4,4,0,,
3113,Oliver McBurnie,1.7,17,26.8,5.5,9.2,11,19,5,0,,
3115,Sergio Agüero,1.8,2,1.6,0.9,0,19,8,1,0,,
3133,Jordan Ayew,0,0,0,0,0,8,0,0,0,,
3142,Michail Antonio,2.8,23,0.9,5.4,30.4,12,23,8,1,,
3143,Callum Wilson,7.3,14,13.2,4.1,3.8,20,24,5,0,,
3147,Leonardo Campana,0.5,0,0,0,0,14,0,0,1,,
3150,Keinan Davis,0,0,0,0,0,10,0,0,1,,
3151,Odion Ighalo,0,0,0,0,0,5,0,0,1,,
3158,Olivier Giroud,0,0,0,0,0,13,0,0,0,,
3165,Rhian Brewster,-0.3,1,11.1,1.3,0.2,11,2,1,0,,
3174,Andy Carroll,0.7,3,0.3,0,0,20,0,1,0,,
3188,Indiana Vassilev,0,0,0,0,0,10,0,0,1,,
3190,Wesley Moraes,0,0,0,0,0,10,0,0,1,,
3191,Sébastien Haller,0.6,2,0.1,0.4,1.4,12,2,1,1,,
3192,Matej Vydra,0.2,3,0,0,0,17,0,1,1,,
3194,Billy Sharp,1.7,0,0,0,0,11,0,0,0,,
3197,Rodrigo Moreno,5,17,23.3,7.4,7.6,2,43,5,0,,
3203,Islam Slimani,0.5,0,0,0,0,1,0,0,0,,
3210,Jordan Hugill,0,0,0,0,0,12,0,0,1,,
3211,Alexandre Lacazette,2.2,-3,21.4,7,2.4,9,46,1,1,,
3217,Tammy Abraham,2.3,3,0.3,0.3,2.2,13,0,1,0,,
3225,Cenk Tosun,0,0,0,0,0,16,0,0,0,,
3230,Divock Origi,1,0,0,0,0,15,0,0,1,,
3244,Dwight Gayle,0,0,0,0,0,20,0,0,0,,
3247,Liam Delap,1.2,0,0,0,0,19,0,0,0,,
3257,Aaron Connolly,0.8,0,0,0,0,17,0,0,0,,
3266,Raúl Jiménez,5.7,8,14.9,3.7,8.8,6,13,2,1,,
3275,Neal Maupay,0.8,0,0,0,0,17,0,0,0,,
3276,Moise Kean,0,0,0,0,0,14,0,0,0,,
3292,Shane Long,0.8,2,0,0,0,2,0,1,0,,
3299,Jamie Vardy,6.3,50,23.6,15.7,55.2,10,78,14,0,,
3303,Léo Bonatini,0,0,0,0,0,6,0,0,1,,
3311,Kelechi Iheanacho,1.3,0,0,0,0,10,0,0,0,,
3318,Gabriel Fernando de Jesus,0.5,0,0,0,0,15,0,0,0,,
3323,Kenneth Zohore,0,0,0,0,0,8,0,0,0,,
3337,Richarlison de Andrade,0,0,0,0,0,14,0,0,0,,
3339,Danny Welbeck,0,3,0.8,0.3,0,17,2,1,0,,
3340,Edward Nketiah,1,4,0.3,0.3,3,13,0,1,0,,
3342,Timo Werner,8.8,34,25.8,11.4,42.2,4,46,7,0,,
3347,Ollie Watkins,7.5,36,22.8,13,46.8,16,60,7,1,,
3350,Roberto Firmino,5.5,6,4.3,1.3,1,19,8,2,1,,
3419,Che Adams,6.5,18,23.9,3.5,10.8,2,0,5,0,,
3420,Hal Robson-Kanu,0,0,0,0,0,8,0,0,0,,
3421,Andi Zeqiri,-0.5,0,0,0,0,17,0,0,0,,
3424,Carlos Vinicius Alves Morais,0.5,0,0,0,0,3,0,0,1,,
3432,Christian Benteke,0.2,3,0.3,0.2,0,20,2,1,0,,
3472,Charlie Austin,0,0,0,0,0,8,0,0,0,,
3475,Ashley Barnes,1.5,-3,13.9,2,0,5,7,2,1,,
3500,Albian Ajeti,0,0,0,0,0,11,0,0,0,,
3512,Danny Ings,6.2,33,11,7.7,48.4,2,18,6,0,,
3519,Bobby Decordova-Reid,2.5,28,2.3,8.9,32.8,18,54,7,1,,
3526,Michy Batshuayi,3.5,3,1.8,4.2,0.6,20,40,2,0,,
3544,Harry Kane,11.3,18,3.1,6.7,35.4,3,28,6,1,,
3550,Edinson Cavani,0.7,2,0.5,0,0,1,0,1,1,,
3561,Florin Andone,0,0,0,0,0,17,0,0,0,,
3570,Fabio Silva,0.7,3,0.3,0.2,0,6,2,1,1,,
3577,Chris Wood,1.5,1,0.8,0.1,0.2,5,0,2,1,,
3592,Connor Wickham,0,0,0,0,0,20,0,0,0,,
3594,Glenn Murray,0,0,0,0,0,17,0,0,0,,
3605,Mbwana Samatta,0,0,0,0,0,16,0,0,1,,
3611,Lys Mousset,0,0,0,0,0,12,0,0,1,,
3625,Max Thompson,0.6,0,0,0,0,5,0,0,1,,
3629,Michael Obafemi,0,0,0,0,0,2,0,0,0,,
3630,Dominic Calvert-Lewin,5.5,32,35.2,17.6,46.4,14,94,8,0,,
3640,David McGoldrick,2,2,1.3,0.2,0.2,12,0,1,1,,
3652,Yoshinori Muto,0,0,0,0,0,7,0,0,1,,
3656,Daniel N'Lundulu,0.5,0,0,0,0,2,0,0,0,,
3657,Aleksandar Mitrović,3,24,26.3,7.4,41.8,18,6,8,1,,
3659,Anthony Martial,0,0,0,0,0,1,0,0,1,,
3673,Jay Rodriguez,0.5,5,11.1,2.6,4.4,5,10,1,1,,
3684,Joelinton Cássio Apolinário de Lira,0.5,0,0,0,0,7,0,0,1,,
3690,Ellis Simms,1.6,0,0,0,0,14,0,0,0,,
3697,Patrick Bamford,6.5,-5,2.2,7.9,14,9,63,2,1,,
3698,Karlan Grant,4.3,2,1.6,2.7,4.6,8,21,2,0,,
3700,Callum Robinson,1.8,1,0.5,3.7,0,8,38,1,0,,
3708,Oliver McBurnie,1.5,7,2.1,1,5.4,12,2,2,1,,
3710,Sergio Agüero,0,0,0,0,0,15,0,0,0,,
3729,Jordan Ayew,-0.2,2,0.9,0.4,1,20,2,1,0,,
3738,Michail Antonio,0,0,0,0,0,11,0,0,0,,
3739,Callum Wilson,5.8,53,14.1,15.6,63.4,7,78,12,1,,
3743,Leonardo Campana,0.5,0,0,0,0,6,0,0,1,,
3746,Keinan Davis,0,0,0,0,0,16,0,0,1,,
3747,Odion Ighalo,0,0,0,0,0,1,0,0,1,,
3754,Olivier Giroud,0.8,2,1.8,0.2,0,4,0,1,0,,
3761,Rhian Brewster,0,3,12.2,2.5,4,12,9,2,1,,
3770,Andy Carroll,0.2,3,0.3,0.2,2,7,0,1,1,,
3784,Indiana Vassilev,0,0,0,0,0,16,0,0,1,,
3786,Wesley Moraes,0,0,0,0,0,16,0,0,1,,
3787,Sébastien Haller,0,5,1.5,0.5,3.4,11,0,2,0,,
3788,Matej Vydra,-0.2,0,0,0,0,5,0,0,1,,
3790,Billy Sharp,1,0,0,0,0,12,0,0,1,,
3793,Rodrigo Moreno,1.8,0,0,0,0,9,0,0,1,,
3799,Islam Slimani,0.8,0,0,0,0,10,0,0,0,,
3806,Jordan Hugill,0,0,0,0,0,11,0,0,0,,
3807,Alexandre Lacazette,1,9,22,3.6,12,13,2,2,0,,
3813,Tammy Abraham,2.8,15,12.3,7.5,23.2,4,39,5,0,,
3817,Lewis Richardson,0.6,0,0,0,0,5,0,0,1,,
3822,Cenk Tosun,0,4,10.5,1.5,2.2,14,2,1,0,,
3827,Divock Origi,1,0,0,0,0,19,0,0,1,,
3841,Dwight Gayle,0,0,0,0,0,7,0,0,1,,
3844,Liam Delap,1,0,0,0,0,15,0,0,0,,
3854,Aaron Connolly,1.2,3,0,0,0.2,4,0,1,1,,
3864,Raúl Jiménez,5.2,6,5.6,1.4,4,9,4,2,0,,
3873,Neal Maupay,1.5,8,6.5,6.2,6.2,4,49,2,1,,
3874,Moise Kean,0,0,0,0,0,13,0,0,1,,
3890,Shane Long,0.8,3,0.3,0.1,0.2,14,0,1,1,,
3897,Jamie Vardy,6.2,20,3.1,8.6,39.4,20,43,4,1,,
3901,Léo Bonatini,0,0,0,0,0,9,0,0,0,,
3910,Kelechi Iheanacho,0.5,0,0,0,0,20,0,0,1,,
3917,Gabriel Fernando de Jesus,2.2,24,13.7,6.9,32.2,11,23,9,1,,
3922,Kenneth Zohore,0,0,0,0,0,17,0,0,1,,
3936,Richarlison de Andrade,0,0,0,0,0,13,0,0,1,,
3938,Danny Welbeck,1,7,32.3,10.7,7.4,4,67,2,1,,
3939,Edward Nketiah,1.5,4,20.9,4.9,4.4,2,24,1,1,,
3941,Timo Werner,8.5,31,11.2,7.4,32.6,15,30,7,1,,
3946,Ollie Watkins,5.5,59,3.5,14.7,71.6,1,72,13,0,,
3949,Roberto Firmino,3.5,1,1.3,1.9,0,12,18,1,0,,
4018,Che Adams,7.8,29,6.3,9.8,41,14,51,7,1,,
4019,Hal Robson-Kanu,0,0,0,0,0,17,0,0,1,,
4020,Andi Zeqiri,0,0,0,0,0,4,0,0,1,,
4023,Carlos Vinicius Alves Morais,1.2,2,10.3,3.3,2,18,21,1,0,,
4031,Christian Benteke,0.8,3,0.3,0.3,0.2,10,2,1,1,,
4071,Charlie Austin,-1,0,0,0,0,17,0,0,1,,
4074,Ashley Barnes,2,2,11.3,2.5,7.8,3,6,2,0,,
4099,Albian Ajeti,0,0,0,0,0,8,0,0,1,,
4111,Danny Ings,0,0,0,0,0,14,0,0,1,,
4118,Bobby Decordova-Reid,2,11,15.5,6.3,8.8,19,39,2,0,,
4125,Michy Batshuayi,3,0,0,0,0,10,0,0,1,,
4143,Harry Kane,10,40,50,17.8,51.8,18,76,9,0,,
4149,Edinson Cavani,1.8,26,1.3,5.6,34,7,21,5,0,,
4160,Florin Andone,0,0,0,0,0,4,0,0,1,,
4169,Fabio Silva,0.5,2,0.3,0.3,0,9,4,1,0,,
4176,Chris Wood,2,5,2.5,2.3,3.2,3,17,2,0,,
4191,Connor Wickham,0,0,0,0,0,10,0,0,1,,
4193,Glenn Murray,0,0,0,0,0,4,0,0,1,,
4204,Mbwana Samatta,0,0,0,0,0,1,0,0,0,,
4210,Lys Mousset,0,0,0,0,0,5,0,0,0,,
4224,Max Thompson,0,0,0,0,0,3,0,0,0,,
4228,Michael Obafemi,0,0,0,0,0,14,0,0,1,,
4229,Dominic Calvert-Lewin,5,12,7.6,1.9,1.6,13,10,5,1,,
4239,David McGoldrick,2,25,0.9,4.9,31.4,5,17,6,0,,
4251,Yoshinori Muto,0,0,0,0,0,16,0,0,0,,
4255,Daniel N'Lundulu,0.3,0,0,0,0,14,0,0,1,,
4256,Aleksandar Mitrović,2.3,-1,20.5,5,2.4,19,27,1,0,,
4258,Anthony Martial,0.5,-4,3.4,1,0,7,10,2,0,,
4272,Jay Rodriguez,1,3,0.1,0.4,4,3,0,1,0,,
4283,Joelinton Cássio Apolinário de Lira,1,2,0.1,2,3.2,16,17,1,0,,
4289,Ellis Simms,0,0,0,0,0,13,0,0,1,,
4296,Patrick Bamford,7,28,2.8,6.2,32.6,6,27,7,0,,
4297,Karlan Grant,2.8,0,3.9,1.7,0,17,14,2,1,,
4299,Callum Robinson,1,10,33.3,6.6,8.6,17,24,2,1,,
4308,Oliver McBurnie,2,1,0.5,0.1,0,5,2,1,0,,
4310,Sergio Agüero,0,0,0,0,0,11,0,0,1,,
4329,Jordan Ayew,2.2,32,13.2,8.6,37.8,10,35,8,1,,
4338,Michail Antonio,0,0,0,0,0,8,0,0,1,,
4339,Callum Wilson,5.2,4,0.8,0.9,8.2,16,0,2,0,,
4343,Leonardo Campana,0,0,0,0,0,9,0,0,0,,
4346,Keinan Davis,-0.5,0,0,0,0,1,0,0,0,,
4347,Odion Ighalo,0,0,0,0,0,7,0,0,0,,
4354,Olivier Giroud,1,3,0.3,0.1,1,15,0,1,1,,
4361,Rhian Brewster,1,6,0,0.5,5,5,0,2,0,,
4370,Andy Carroll,0.8,2,0.2,0.3,2.6,16,0,1,0,,
4384,Indiana Vassilev,0,0,0,0,0,1,0,0,0,,
4386,Wesley Moraes,0,0,0,0,0,1,0,0,0,,
4387,Sébastien Haller,1.7,4,11.8,5,8.2,8,30,2,1,,
4388,Matej Vydra,0.5,3,0.3,0.3,1,3,2,1,0,,
4390,Billy Sharp,1.3,0,0,0,0,5,0,0,0,,
4393,Rodrigo Moreno,0,0,0,0,0,6,0,0,0,,
4399,Islam Slimani,0.2,0,0,0,0,20,0,0,1,,
4406,Jordan Hugill,0,0,0,0,0,8,0,0,1,,
4407,Alexandre Lacazette,2,0,0.6,0.1,0,2,4,2,1,,
4413,Tammy Abraham,4.3,33,43.5,16.1,45.6,15,72,8,1,,
4417,Lewis Richardson,0,0,0,0,0,3,0,0,0,,
4422,Cenk Tosun,0.2,-1,0.3,0,0,13,0,0,1,,
4427,Divock Origi,0,0,0,0,0,12,0,0,0,,
4441,Dwight Gayle,0,0,0,0,0,16,0,0,0,,
4444,Liam Delap,0,0,0,0,0,11,0,0,1,,
4454,Aaron Connolly,0.2,0,0,0,0,2,0,0,0,,
4464,Raúl Jiménez,3,12,24.4,7.8,6.8,16,47,5,1,,
4473,Neal Maupay,1.5,-3,3.5,3,0,2,29,2,0,,
4474,Moise Kean,0,0,0,0,0,8,0,0,0,,
4490,Shane Long,1,2,0,0,0,20,0,1,0,,
4497,Jamie Vardy,6.2,11,20.8,8,15.2,11,44,2,0,,
4501,Léo Bonatini,0,0,0,0,0,16,0,0,1,,
4510,Kelechi Iheanacho,-0.5,0,0,0,0,11,0,0,0,,
4517,Gabriel Fernando de Jesus,4.2,4,16.3,7.9,3.4,17,59,2,0,,
4522,Kenneth Zohore,0,0,0,0,0,13,0,0,0,,
4536,Richarlison de Andrade,2.2,12,13.3,9.8,14.6,8,70,5,0,,
4538,Danny Welbeck,3,35,14.9,9.2,46.2,2,31,9,0,,
4539,Edward Nketiah,1.2,0,0,0,0,10,0,0,0,,
4541,Timo Werner,6.8,16,17.1,6.4,20,14,27,5,0,,
4546,Ollie Watkins,7.3,6,22.3,4.1,6.4,3,12,2,1,,
4549,Roberto Firmino,3.5,23,14.6,16.5,40.8,9,110,6,1,,
4618,Che Adams,6.3,23,33.3,8.3,23,20,27,7,0,,
4619,Hal Robson-Kanu,0,1,0.1,0,0,13,0,1,0,,
4620,Andi Zeqiri,0,0,0,0,0,2,0,0,0,,
4623,Carlos Vinicius Alves Morais,-0.3,0,0,0,0,12,0,0,1,,
4631,Christian Benteke,1.5,-3,0.4,4.5,0,4,45,1,0,,
4671,Charlie Austin,-1,0,0,0,0,13,0,0,0,,
4674,Ashley Barnes,1,0,0,0,0,6,0,0,1,,
4700,Albian Ajeti,0,0,0,0,0,15,0,0,0,,
4712,Danny Ings,0,0,0,0,0,20,0,0,0,,
4719,Bobby Decordova-Reid,3.8,28,16.8,9.5,38.2,7,40,4,1,,
4726,Michy Batshuayi,1.8,-1,21.2,5,4.4,4,24,2,0,,
4744,Harry Kane,5.5,13,13.5,4.3,25.2,12,4,4,1,,
4750,Edinson Cavani,3,-1,0.6,3.9,0.2,18,38,0,1,,
4761,Florin Andone,0,0,0,0,0,2,0,0,0,,
4770,Fabio Silva,0.7,0,0,0,0,16,0,0,1,,
4777,Chris Wood,3,26,22.7,12.2,43.8,6,55,8,1,,
4792,Connor Wickham,0,0,0,0,0,4,0,0,0,,
4794,Glenn Murray,0,0,0,0,0,2,0,0,0,,
4805,Mbwana Samatta,0,0,0,0,0,3,0,0,1,,
4811,Lys Mousset,0,0,0,0,0,19,0,0,1,,
4825,Max Thompson,-0.5,0,0,0,0,6,0,0,1,,
4829,Michael Obafemi,0,0,0,0,0,20,0,0,0,,
4830,Dominic Calvert-Lewin,9.2,52,14.9,16.1,74.8,8,71,13,0,,
4840,David McGoldrick,3,6,6.5,1.8,3.2,19,8,2,1,,
4852,Yoshinori Muto,0,0,0,0,0,5,0,0,1,,
4856,Daniel N'Lundulu,0,0,0,0,0,20,0,0,0,,
4857,Aleksandar Mitrović,2.8,2,11.1,4.5,5.2,7,29,1,1,,
4859,Anthony Martial,2.3,7,15.9,10.7,14.6,18,76,2,1,,
4873,Jay Rodriguez,1.3,15,11.8,5.7,9.4,6,36,4,1,,
4884,Joelinton Cássio Apolinário de Lira,0.5,6,23.3,3,2,5,5,2,1,,
4890,Ellis Simms,0.5,0,0,0,0,8,0,0,0,,
4897,Patrick Bamford,3.2,-1,1.8,7.8,8.2,1,68,2,1,,
4898,Karlan Grant,2.8,5,0.8,2.4,4.4,13,19,2,0,,
4900,Callum Robinson,1,3,1.3,0.4,0,13,4,1,0,,
4909,Oliver McBurnie,1.7,-4,14.9,7,5,19,50,2,1,,
4911,Sergio Agüero,0.4,0,0,0,0,17,0,0,0,,
4930,Jordan Ayew,4.2,8,2.4,3.1,5.2,4,23,2,0,,
4939,Michail Antonio,0,0,0,0,0,15,0,0,0,,
4940,Callum Wilson,3.2,0,0,0,0,5,0,0,1,,
4944,Leonardo Campana,0,0,0,0,0,16,0,0,1,,
4947,Keinan Davis,0,0,0,0,0,3,0,0,1,,
4948,Odion Ighalo,1,0,0,0,0,18,0,0,1,,
4955,Olivier Giroud,1.5,2,0,0.2,2,14,0,1,0,,
4962,Rhian Brewster,1.3,4,10.2,1.2,1.4,19,0,1,1,,
4971,Andy Carroll,0.5,3,0,2.2,4,5,18,1,1,,
4985,Indiana Vassilev,0,0,0,0,0,3,0,0,1,,
4987,Wesley Moraes,0,0,0,0,0,3,0,0,1,,
4988,Sébastien Haller,4.3,36,33.2,15.5,46.6,15,75,9,0,,
4989,Matej Vydra,0,0,0,0,0,6,0,0,1,,
4991,Billy Sharp,0,0,0,0,0,19,0,0,1,,
4994,Rodrigo Moreno,-0.2,3,20.8,2.9,0.6,1,8,1,1,,
5000,Islam Slimani,-0.5,0,0,0,0,11,0,0,0,,
5007,Jordan Hugill,0,0,0,0,0,15,0,0,0,,
5008,Alexandre Lacazette,1.8,0,0,0,0,10,0,0,0,,
5014,Tammy Abraham,7.8,33,32.3,13.4,41.2,14,60,9,0,,
5018,Lewis Richardson,-0.5,0,0,0,0,6,0,0,1,,
5023,Cenk Tosun,0.8,0,0,0,0,8,0,0,0,,
5028,Divock Origi,0.8,3,0.1,0,0.2,9,0,1,1,,
5042,Dwight Gayle,0,0,0,0,0,5,0,0,1,,
5045,Liam Delap,0.5,0,0,0,0,17,0,0,0,,
5055,Aaron Connolly,0,0,12,4,0,11,29,2,1,,
5065,Raúl Jiménez,2.2,3,0.3,0,0,1,0,1,0,,
5074,Neal Maupay,0,-3,14.6,1.8,0,11,4,-1,1,,
5075,Moise Kean,0,0,0,0,0,10,0,0,1,,
5091,Shane Long,0.5,1,0.4,0.1,0.6,13,0,1,1,,
5098,Jamie Vardy,7.2,14,10.9,9.3,22,8,60,5,1,,
5102,Léo Bonatini,0,0,0,0,0,1,0,0,0,,
5111,Kelechi Iheanacho,1.2,1,0.8,5.6,0,8,56,1,1,,
5118,Gabriel Fernando de Jesus,6.8,12,23.4,5.7,15.6,4,18,5,1,,
5123,Kenneth Zohore,0,0,0,0,0,15,0,0,1,,
5137,Richarlison de Andrade,2.3,7,24.6,9.8,20.6,10,53,2,1,,
5139,Danny Welbeck,4.3,18,12.3,5.3,11.6,11,29,5,1,,
5140,Edward Nketiah,0.8,0,0,0,0,20,0,0,1,,
5142,Timo Werner,4.7,4,16.6,4.2,3,17,22,2,1,,
5147,Ollie Watkins,5,-10,12.8,2.9,0,19,22,0,0,,
5150,Roberto Firmino,4,2,6.3,4.3,6.6,3,30,2,0,,
5219,Che Adams,4.8,4,24.6,3.6,5.8,13,6,2,1,,
5220,Hal Robson-Kanu,0,-1,0.8,1.4,4.2,15,9,1,1,,
5221,Andi Zeqiri,-1,0,0,0,0,11,0,0,1,,
5224,Carlos Vinicius Alves Morais,0.3,0,0,0,0,5,0,0,0,,
5232,Christian Benteke,1,1,1.3,3.2,6,14,25,1,1,,
5272,Charlie Austin,-0.5,0,0,0,0,15,0,0,1,,
5275,Ashley Barnes,-0.2,3,10.9,3.2,0,12,22,2,0,,
5301,Albian Ajeti,0,0,0,0,0,2,0,0,1,,
5313,Danny Ings,0,0,0,0,0,13,0,0,1,,
5320,Bobby Decordova-Reid,3.5,17,3.2,1.9,14.2,9,2,5,0,,
5327,Michy Batshuayi,1,1,10.5,1.5,2.2,14,2,1,1,,
5345,Harry Kane,5,3,25.3,4.2,5.2,5,11,2,0,,
5351,Edinson Cavani,7.2,68,15.3,16.2,90.4,16,56,15,0,,
5362,Florin Andone,0,0,0,0,0,11,0,0,1,,
5371,Fabio Silva,0.2,1,12.3,7.4,6.4,1,55,1,0,,
5378,Chris Wood,2.5,5,1.3,0,0,12,0,2,0,,
5393,Connor Wickham,0,0,0,0,0,14,0,0,1,,
5395,Glenn Murray,0,0,0,0,0,11,0,0,1,,
5407,Mbwana Samatta,0,0,0,0,0,19,0,0,0,,
5413,Lys Mousset,0.8,5,20.9,3.8,4.4,18,13,1,0,,
5427,Max Thompson,-1.5,0,0,0,0,12,0,0,0,,
5431,Michael Obafemi,-0.5,0,0,0,0,13,0,0,1,,
5432,Dominic Calvert-Lewin,6.7,13,28.2,7.7,11.2,10,38,2,1,,
5442,David McGoldrick,3.2,0,0,0,0,18,0,0,0,,
5454,Yoshinori Muto,0,0,0,0,0,6,0,0,0,,
5458,Daniel N'Lundulu,-0.2,3,0.1,0,0.2,13,0,1,1,,
5459,Aleksandar Mitrović,1.8,7,10.3,1.5,4.2,9,0,1,0,,
5461,Anthony Martial,1.8,0,0,0,0,16,0,0,0,,
5475,Jay Rodriguez,0.8,5,1.6,2.5,4.6,12,19,2,0,,
5486,Joelinton Cássio Apolinário de Lira,4.7,35,13.9,13.6,60,6,62,11,0,,
5492,Ellis Simms,0,0,0,0,0,10,0,0,1,,
5499,Patrick Bamford,3.2,0,24.3,9.4,1,7,69,2,0,,
5500,Karlan Grant,1.5,7,11.8,7.4,9.6,15,53,2,1,,
5502,Callum Robinson,1,4,6.4,1.8,1.4,15,10,2,1,,
5511,Oliver McBurnie,2.2,0,37.5,17.7,28.8,18,111,2,0,,
5513,Sergio Agüero,1.5,0,0,0,0,4,0,0,1,,
5532,Jordan Ayew,4,6,15.1,2,0.8,14,4,2,1,,
5541,Michail Antonio,0.1,1,0.5,0.3,0,2,4,1,1,,
5542,Callum Wilson,4.7,39,15.3,9.2,50,6,27,12,0,,
5546,Leonardo Campana,-0.5,0,0,0,0,1,0,0,0,,
5549,Keinan Davis,0,0,0,0,0,19,0,0,0,,
5550,Odion Ighalo,0.5,0,0,0,0,16,0,0,0,,
5558,Olivier Giroud,1,2,0.1,1.9,2,17,17,1,1,,
5565,Rhian Brewster,1.8,2,12.8,5.1,5.4,18,33,1,0,,
5574,Andy Carroll,0.2,0,0,0,0,6,0,0,0,,
5588,Indiana Vassilev,0,0,0,0,0,19,0,0,0,,
5590,Wesley Moraes,0,0,0,0,0,19,0,0,0,,
5591,Sébastien Haller,4,2,1.2,0.2,0.4,2,0,1,1,,
5592,Matej Vydra,-0.8,2,0.1,0.2,0,12,2,1,0,,
5594,Billy Sharp,0.5,0,0,0,0,18,0,0,0,,
5597,Rodrigo Moreno,0.5,3,10,1.4,0,7,4,1,0,,
5603,Islam Slimani,1,0,0,0,0,8,0,0,1,,
5610,Jordan Hugill,0,0,0,0,0,2,0,0,1,,
5611,Alexandre Lacazette,1.5,3,0.3,0.2,0,20,2,1,1,,
5617,Tammy Abraham,6.3,2,2.2,2.2,0,17,25,2,1,,
5621,Lewis Richardson,-1.5,0,0,0,0,12,0,0,0,,
5626,Cenk Tosun,0,0,0,0,0,10,0,0,1,,
5631,Divock Origi,1.3,0,0,0,0,3,0,0,0,,
5645,Dwight Gayle,0,0,0,0,0,6,0,0,0,,
5648,Liam Delap,1.5,0,0,0,0,4,0,0,1,,
5658,Aaron Connolly,1.3,0,1.1,3.8,1.4,16,35,2,1,,
5667,Raúl Jiménez,0,0,0,0,0,11,0,0,0,,
5675,Neal Maupay,0.5,3,10.4,1.9,2.4,16,6,1,1,,
5676,Moise Kean,0,0,0,0,0,4,0,0,0,,
5690,Shane Long,0.7,0,0,0,0,3,0,0,0,,
5696,Jamie Vardy,5.5,28,1.8,5.8,31.6,15,25,8,0,,
5699,Léo Bonatini,0,0,0,0,0,11,0,0,0,,
5708,Kelechi Iheanacho,1.2,4,1.9,2.3,1.4,15,20,1,0,,
5715,Gabriel Fernando de Jesus,4.5,7,21.9,3.4,4,8,8,2,1,,
5720,Kenneth Zohore,0,0,0,0,0,6,0,0,1,,
5733,Richarlison de Andrade,5.2,29,33.1,8.9,29.6,4,26,7,0,,
5735,Danny Welbeck,6.3,18,11.4,4.2,6,16,25,5,1,,
5736,Edward Nketiah,0.3,2,10.8,1.7,2.2,17,4,1,0,,
5738,Timo Werner,4.5,9,33.2,19,42.8,10,114,5,1,,
5745,Roberto Firmino,4.3,9,3.4,0.9,1.8,20,4,2,1,,
5805,Che Adams,3.7,8,12.7,1.8,5,3,0,2,0,,
5806,Hal Robson-Kanu,0.2,0,0,0,0,6,0,0,1,,
5807,Andi Zeqiri,0,0,0,0,0,16,0,0,1,,
5810,Carlos Vinicius Alves Morais,0,0,0,0,0,1,0,0,1,,
5817,Christian Benteke,5.5,50,45.1,22.1,83,18,93,13,0,,
5854,Charlie Austin,-0.5,0,0,0,0,6,0,0,1,,
5857,Ashley Barnes,0.5,5,10.3,2,4,7,6,1,1,,
5882,Albian Ajeti,0,0,0,0,0,13,0,0,1,,
5890,Danny Ings,1.4,31,10.3,8.8,39.4,3,38,8,0,,
5896,Bobby Decordova-Reid,2.2,5,1.8,1,8,12,0,2,0,,
5902,Michy Batshuayi,1.8,3,0.2,0,0.2,18,0,1,0,,
5917,Harry Kane,4.5,39,11.2,11.1,62.6,1,37,12,1,,
5921,Edinson Cavani,5.8,2,1.4,0,0,19,0,1,0,,
5932,Florin Andone,0,0,0,0,0,16,0,0,1,,
5941,Fabio Silva,-0.3,1,1.4,0.2,1,11,0,1,0,,
5947,Chris Wood,3.5,1,14.9,8.3,9.8,7,58,2,1,,
5962,Connor Wickham,0,0,0,0,0,18,0,0,0,,
5963,Glenn Murray,0,0,0,0,0,16,0,0,1,,
5980,Lys Mousset,-0.2,0,0,0,0,9,0,0,1,,
5994,Max Thompson,-0.5,0,0,0,0,7,0,0,1,,
5998,Michael Obafemi,0,0,0,0,0,3,0,0,0,,
5999,Dominic Calvert-Lewin,7.5,22,5.3,15.5,44.6,4,105,6,0,,
6008,David McGoldrick,0.2,0,0,0,0,9,0,0,1,,
6021,Daniel N'Lundulu,0.3,0,0,0,0,3,0,0,0,,
6022,Aleksandar Mitrović,-0.8,0,0,0,0,12,0,0,0,,
6024,Anthony Martial,1.8,0,4.3,3.2,0.2,19,27,2,0,,
6034,Jay Rodriguez,2.2,8,2.8,1,5.6,7,2,2,1,,
6050,Ellis Simms,0.5,0,0,0,0,4,0,0,0,,
6057,Patrick Bamford,3.5,29,0.7,7.2,41,5,30,8,0,,
6058,Karlan Grant,1.5,6,2.7,3.6,8.6,6,25,2,1,,
6060,Callum Robinson,0.8,2,7.5,1,0.4,6,2,1,1,,
6068,Oliver McBurnie,3.5,26,4.4,9,44.6,9,41,8,1,,
6070,Sergio Agüero,0,0,0,0,0,8,0,0,1,,
6088,Jordan Ayew,2.2,5,1.7,0.6,4,18,0,1,0,,
6097,Michail Antonio,0,0,0,0,0,13,0,0,1,,
6101,Leonardo Campana,-1,0,0,0,0,11,0,0,0,,
6103,Odion Ighalo,0.5,0,0,0,0,19,0,0,0,,
6110,Olivier Giroud,3.2,23,37.9,13.9,33.8,10,67,6,1,,
6116,Rhian Brewster,0.5,0,0.3,0,0,9,1,1,1,,
6135,Sébastien Haller,3.5,6,35.6,8,10.2,13,34,2,1,,
6136,Matej Vydra,-0.2,0,0,0,0,7,0,0,1,,
6138,Billy Sharp,-0.5,0,0,0,0,9,0,0,1,,
6140,Rodrigo Moreno,0.5,3,1.1,0.8,1.2,5,6,1,0,,
6146,Islam Slimani,0.5,0,0,0,0,15,0,0,0,,
6153,Jordan Hugill,0,0,0,0,0,13,0,0,1,,
6154,Alexandre Lacazette,0.7,5,15.1,8.3,12.8,17,55,1,0,,
6159,Tammy Abraham,4.5,1,0.5,0.3,0,10,4,1,1,,
6163,Lewis Richardson,-0.5,0,0,0,0,7,0,0,1,,
6168,Cenk Tosun,0.8,3,0,0,0,4,0,1,0,,
6173,Divock Origi,1.3,0,0,0,0,20,0,0,1,,
6189,Liam Delap,1.5,0,0,0,0,8,0,0,1,,
6199,Aaron Connolly,0.7,3,0,0.2,2,9,0,1,0,,
6210,Raúl Jiménez,0,0,0,0,0,2,0,0,1,,
6219,Neal Maupay,0.5,4,2.8,4.7,7.8,9,36,2,0,,
6220,Moise Kean,0,0,0,0,0,5,0,0,1,,
6236,Shane Long,0.5,0,0,0,0,15,0,0,1,,
6243,Jamie Vardy,7.5,43,20.7,13.8,69.2,3,48,13,1,,
6247,Léo Bonatini,0,0,0,0,0,2,0,0,1,,
6256,Kelechi Iheanacho,1,0,0,0,0,3,0,0,1,,
6263,Gabriel Fernando de Jesus,3.3,3,13.3,3.4,8.6,13,12,2,0,,
6268,Kenneth Zohore,0,0,0,0,0,14,0,0,0,,
6283,Richarlison de Andrade,3.3,4,2.7,7.3,17.2,5,53,1,1,,
6285,Danny Welbeck,4.7,3,0.6,2,2.2,9,17,2,0,,
6286,Edward Nketiah,1.5,3,0,0.2,0,4,2,1,1,,
6288,Timo Werner,4,8,17.1,3.2,6.8,7,8,2,0,,
6293,Ollie Watkins,1.3,5,1.3,5,9.6,20,39,2,0,,
6296,Roberto Firmino,4.5,13,25.5,6.4,19,8,19,2,0,,
6365,Che Adams,4.8,41,46.7,14.7,41,15,59,8,1,,
6366,Hal Robson-Kanu,0,0,0,0,0,14,0,0,0,,
6367,Andi Zeqiri,-0.5,0,0,0,0,9,0,0,0,,
6370,Carlos Vinicius Alves Morais,0.5,0,0,0,0,6,0,0,0,,
6378,Christian Benteke,3.7,1,13.8,9.3,15.4,17,64,2,1,,
6418,Charlie Austin,-0.3,2,1.6,1.6,6,14,8,1,0,,
6421,Ashley Barnes,0,2,11.1,1.9,1.2,1,7,1,0,,
6448,Albian Ajeti,0,0,0,0,0,10,0,0,0,,
6460,Danny Ings,3.2,8,24.8,13.2,25.6,15,82,5,1,,
6467,Bobby Decordova-Reid,3.5,32,5.7,8.6,48.8,11,31,9,1,,
6474,Michy Batshuayi,0.5,0,0,0,0,17,0,0,1,,
6492,Harry Kane,7.3,30,14.8,11.3,48.6,6,50,9,0,,
6498,Edinson Cavani,1.8,0,0,0,0,12,0,0,1,,
6509,Florin Andone,0,0,0,0,0,9,0,0,0,,
6518,Fabio Silva,1,3,11.3,5.6,0,2,45,2,1,,
6525,Chris Wood,2.5,-1,11.8,1.4,0,1,4,2,0,,
6540,Connor Wickham,0,0,0,0,0,17,0,0,1,,
6542,Glenn Murray,0,0,0,0,0,9,0,0,0,,
6554,Mbwana Samatta,0,0,0,0,0,20,0,0,0,,
6560,Lys Mousset,0.4,1,0.1,0.2,0,16,2,1,0,,
6574,Max Thompson,-1,0,0,0,0,1,0,0,0,,
6578,Michael Obafemi,0,0,0,0,0,15,0,0,1,,
6579,Dominic Calvert-Lewin,6,14,1.8,2.8,4.4,5,22,5,1,,
6589,David McGoldrick,0.8,4,13.3,1.9,5.6,16,0,1,0,,
6601,Yoshinori Muto,0,0,0,0,0,18,0,0,1,,
6605,Daniel N'Lundulu,0.5,2,0.1,0.3,0.4,15,2,1,1,,
6606,Aleksandar Mitrović,-1,0,0,0,0,11,0,0,1,,
6608,Anthony Martial,0.7,5,10.4,1.4,3.6,12,0,1,1,,
6622,Jay Rodriguez,1.2,-1,1.1,1.7,0,1,18,1,0,,
6633,Joelinton Cássio Apolinário de Lira,6.5,16,19.5,8.5,26.8,18,39,5,1,,
6639,Ellis Simms,-0.5,0,0,0,0,5,0,0,1,,
6646,Patrick Bamford,4.2,14,2.3,3.4,2.2,19,29,5,1,,
6647,Karlan Grant,1.3,2,1.8,1.3,0,14,12,1,0,,
6649,Callum Robinson,0.7,4,26.4,3,3.8,14,0,1,0,,
6658,Oliver McBurnie,3.2,0,0.2,0,0,16,0,1,0,,
6660,Sergio Agüero,0.5,0,0,0,0,13,0,0,0,,
6679,Jordan Ayew,0.7,0,0,0,0,17,0,0,1,,
6688,Michail Antonio,0.1,0,0,0,0,10,0,0,0,,
6689,Callum Wilson,4.8,-2,14.2,2,0,18,6,1,1,,
6693,Leonardo Campana,0,0,0,0,0,2,0,0,1,,
6696,Keinan Davis,0,0,0,0,0,20,0,0,0,,
6697,Odion Ighalo,-0.5,0,0,0,0,12,0,0,1,,
6705,Olivier Giroud,3,5,8.4,3.4,4,7,22,2,0,,
6712,Rhian Brewster,1,-1,1.5,0.1,0,16,0,1,0,,
6721,Andy Carroll,0.2,0,0,0,0,18,0,0,1,,
6735,Indiana Vassilev,0,0,0,0,0,20,0,0,0,,
6737,Wesley Moraes,0,0,0,0,0,20,0,0,0,,
6738,Sébastien Haller,3.5,-1,2.8,11.5,18.4,10,94,2,0,,
6739,Matej Vydra,-0.5,3,1,2.3,3,1,19,1,0,,
6741,Billy Sharp,0.2,-1,1.3,0.2,0,16,2,1,0,,
6744,Rodrigo Moreno,1.2,4,3.8,6.7,5.2,19,58,2,1,,
6750,Islam Slimani,0.5,0,0,0,0,3,0,0,1,,
6757,Jordan Hugill,0,0,0,0,0,10,0,0,0,,
6758,Alexandre Lacazette,1.8,1,22.1,5.3,7.6,4,23,1,1,,
6764,Tammy Abraham,3.7,4,0.4,0.7,2.2,7,4,1,0,,
6768,Lewis Richardson,-1,0,0,0,0,1,0,0,0,,
6774,Cenk Tosun,-0.3,0,0,0,0,5,0,0,1,,
6779,Divock Origi,2,3,0.3,0.3,0.2,8,2,1,0,,
6793,Dwight Gayle,2.4,30,13.1,10.7,36.8,18,57,8,1,,
6796,Liam Delap,0.5,0,0,0,0,13,0,0,0,,
6806,Aaron Connolly,1.5,0,0,0,0,8,0,0,0,,
6817,Raúl Jiménez,0,0,0,0,0,5,0,0,1,,
6826,Neal Maupay,1.3,0,0,0,0,8,0,0,0,,
6827,Moise Kean,0,0,0,0,0,9,0,0,0,,
6843,Shane Long,-0.1,0,0,0,0,1,0,0,0,,
6850,Jamie Vardy,6.5,4,21.6,7.1,6,7,43,2,1,,
6854,Léo Bonatini,0,0,0,0,0,5,0,0,1,,
6863,Kelechi Iheanacho,1.1,5,10.5,2.2,3.6,7,8,1,1,,
6870,Gabriel Fernando de Jesus,4.1,6,12.8,4.8,7.2,18,28,2,1,,
6875,Kenneth Zohore,0,0,0,0,0,12,0,0,0,,
6890,Richarlison de Andrade,4.1,28,3.1,5.2,39.4,9,9,8,0,,
6892,Danny Welbeck,5.1,2,1,2.6,3.2,8,22,2,0,,
6893,Edward Nketiah,2.1,21,21.8,6.3,24.2,16,17,6,1,,
6895,Timo Werner,3.7,6,15.2,6.7,2,20,50,2,0,,
6900,Ollie Watkins,1.7,-4,11.5,9.9,5.6,4,82,1,1,,
6903,Roberto Firmino,4.7,40,25,17,50.8,17,94,9,1,,
6972,Che Adams,4.3,18,16.1,4.6,19.8,1,10,5,0,,
6973,Hal Robson-Kanu,0,0,0,0,0,12,0,0,0,,
6974,Andi Zeqiri,0.5,0,0,0,0,8,0,0,0,,
6977,Carlos Vinicius Alves Morais,-0.5,0,0,0,0,11,0,0,0,,
6985,Christian Benteke,4,11,12.3,8.8,24.8,19,51,3,0,,
7025,Charlie Austin,-1.1,4,0.3,1,9.4,12,0,1,0,,
7028,Ashley Barnes,0.5,2,10.3,1.6,4,2,2,1,0,,
7055,Albian Ajeti,0,0,0,0,0,6,0,0,1,,
7067,Danny Ings,2.3,5,1.6,0.9,2.2,1,5,1,0,,
7074,Bobby Decordova-Reid,3.9,7,1.9,0.7,5.4,3,0,2,1,,
7081,Michy Batshuayi,0.8,0,0,0,0,19,0,0,0,,
7099,Harry Kane,5.3,0,0.8,0.8,0,11,10,2,0,,
7105,Edinson Cavani,2.8,0,0,0,0,15,0,0,0,,
7116,Florin Andone,0,0,0,0,0,8,0,0,0,,
7125,Fabio Silva,0.7,6,12.8,1.6,1.2,5,2,2,1,,
7132,Chris Wood,2.7,4,1.3,2,1.4,2,17,2,0,,
7147,Connor Wickham,0,0,0,0,0,19,0,0,0,,
7149,Glenn Murray,0,0,0,0,0,8,0,0,0,,
7161,Mbwana Samatta,0,0,0,0,0,4,0,0,1,,
7167,Lys Mousset,0.1,-1,0.7,2.9,4.2,13,24,1,1,,
7181,Max Thompson,-0.5,0,0,0,0,2,0,0,0,,
7185,Michael Obafemi,-0.5,0,0,0,0,1,0,0,0,,
7186,Dominic Calvert-Lewin,5.7,6,1.2,8.1,9.6,9,70,5,0,,
7196,David McGoldrick,2.7,56,28.1,21,84,13,98,13,1,,
7208,Yoshinori Muto,0,0,0,0,0,10,0,0,0,,
7212,Daniel N'Lundulu,-0.1,0,0,0,0,1,0,0,0,,
7213,Aleksandar Mitrović,0.1,3,11.7,1.8,0.2,3,6,1,1,,
7215,Anthony Martial,3.5,39,34.5,16.2,59,15,68,10,0,,
7229,Jay Rodriguez,1.7,4,11.7,1.8,4.8,2,1,2,0,,
7240,Joelinton Cássio Apolinário de Lira,5,8,3.6,1.8,6.4,10,8,2,0,,
7246,Ellis Simms,-0.5,0,0,0,0,9,0,0,0,,
7253,Patrick Bamford,4.6,29,13.1,13.3,42.8,14,77,6,1,,
7254,Karlan Grant,0.3,3,2.2,2.3,2,12,19,2,0,,
7256,Callum Robinson,-0.5,0,0,0,0,12,0,0,0,,
7265,Oliver McBurnie,1.1,0,0,0,0,13,0,0,1,,
7267,Sergio Agüero,1.3,1,0,0.8,0,18,12,1,1,,
7286,Jordan Ayew,1.2,3,0.3,0.1,1,19,0,1,0,,
7295,Michail Antonio,0.1,0,0,0,0,6,0,0,1,,
7296,Callum Wilson,4.5,10,34.7,9.7,26.4,10,36,5,0,,
7300,Leonardo Campana,-0.5,0,0,0,0,5,0,0,1,,
7303,Keinan Davis,0.5,3,1.4,0.4,0.2,4,2,1,1,,
7304,Odion Ighalo,0.5,0,0,0,0,15,0,0,0,,
7312,Olivier Giroud,3.7,22,11.3,7.9,29.4,20,38,6,0,,
7319,Rhian Brewster,0.5,4,11.3,2.4,2.6,13,10,1,1,,
7328,Andy Carroll,0.2,0,0,0,0,10,0,0,0,,
7342,Indiana Vassilev,0,0,0,0,0,4,0,0,1,,
7344,Wesley Moraes,0,0,0,0,0,4,0,0,1,,
7345,Sébastien Haller,4.2,31,4.1,6.9,35.4,6,29,7,1,,
7346,Matej Vydra,0.1,3,0,0,0,2,0,1,0,,
7348,Billy Sharp,-0.3,0,0,0,0,13,0,0,1,,
7351,Rodrigo Moreno,3.4,45,35.6,15.2,44.6,14,72,12,1,,
7357,Islam Slimani,0.5,0,0,0,0,7,0,0,1,,
7364,Jordan Hugill,0,0,0,0,0,6,0,0,1,,
7365,Alexandre Lacazette,1.1,0,0,0,0,16,0,0,1,,
7371,Tammy Abraham,3.3,2,0.3,0,0,20,0,1,0,,
7375,Lewis Richardson,-0.5,0,0,0,0,2,0,0,0,,
7381,Cenk Tosun,-0.3,0,0,0,0,9,0,0,0,,
7386,Divock Origi,0.9,0,0,0,0,17,0,0,1,,
7400,Dwight Gayle,2.2,3,1.2,0.1,0,10,0,1,0,,
7403,Liam Delap,1.5,0,0,0,0,18,0,0,1,,
7413,Aaron Connolly,1.4,-1,12,4.8,2,15,34,2,1,,
7424,Raúl Jiménez,0,0,0,0,0,4,0,0,0,,
7433,Neal Maupay,0.8,1,12.1,7.2,1.8,15,58,2,1,,
7434,Moise Kean,0,0,0,0,0,1,0,0,1,,
7450,Shane Long,-0.7,0,0,0,0,12,0,0,1,,
7457,Jamie Vardy,7,44,21.4,17.6,45.6,17,109,12,0,,
7461,Léo Bonatini,0,0,0,0,0,4,0,0,0,,
7470,Kelechi Iheanacho,0.7,0,0.8,0.3,0.2,17,2,1,0,,
7477,Gabriel Fernando de Jesus,3.2,0,0,0,0,16,0,0,0,,
7482,Kenneth Zohore,0,0,0,0,0,2,0,0,1,,
7497,Richarlison de Andrade,3.7,4,3.3,1.3,3.6,1,6,2,1,,
7499,Danny Welbeck,4.4,24,0,8.7,34,15,53,8,1,,
7500,Edward Nketiah,2.2,3,0.3,2.7,0,7,27,2,0,,
7502,Timo Werner,3.7,7,13.3,9.7,23.6,19,60,5,1,,
7507,Ollie Watkins,1.7,0,4.6,3.9,5.6,18,29,2,0,,
7510,Roberto Firmino,7.2,65,11.8,13.3,87,6,34,16,0,,
7579,Che Adams,3.3,-1,11.8,4.7,2,12,33,2,1,,
7580,Hal Robson-Kanu,-0.1,0,0,0,0,2,0,0,1,,
7581,Andi Zeqiri,0.2,3,4.3,1.8,0,15,14,1,1,,
7584,Carlos Vinicius Alves Morais,0,0,0,0,0,9,0,0,1,,
7592,Christian Benteke,0,0,0,0,0,11,0,0,1,,
7632,Charlie Austin,0.1,3,0.1,0.2,0,2,2,1,1,,
7635,Ashley Barnes,1.7,30,1,10.8,35.8,20,71,8,1,,
7662,Albian Ajeti,0,0,0,0,0,5,0,0,0,,
7674,Danny Ings,1.5,5,0.8,3.2,9.6,12,22,1,1,,
7681,Bobby Decordova-Reid,2.6,2,2.5,1,1,14,6,2,0,,
7688,Michy Batshuayi,-0.2,1,0.2,0,0,11,0,1,1,,
7707,Harry Kane,5.4,7,8.3,5.5,11.6,9,35,2,1,,
7713,Edinson Cavani,2.9,0,0.4,3.3,8.4,10,24,1,1,,
7725,Florin Andone,0,0,0,0,0,15,0,0,1,,
7734,Fabio Silva,2.5,26,0.1,5.6,31.2,4,25,6,0,,
7741,Chris Wood,3.7,32,14.1,12,47.8,20,58,9,1,,
7756,Connor Wickham,0,0,0,0,0,11,0,0,1,,
7759,Glenn Murray,0,0,0,0,0,15,0,0,1,,
7771,Mbwana Samatta,0,0,0,0,0,18,0,0,0,,
7777,Lys Mousset,0.5,0,0,0,0,3,0,0,0,,
7791,Max Thompson,-0.5,0,0,0,0,20,0,0,1,,
7795,Michael Obafemi,-1,0,0,0,0,12,0,0,1,,
7796,Dominic Calvert-Lewin,5.3,8,1.5,1.8,1.6,1,15,4,1,,
7806,David McGoldrick,3.3,13,12.8,4.6,22,3,11,4,0,,
7818,Yoshinori Muto,0,0,0,0,0,8,0,0,1,,
7822,Daniel N'Lundulu,-0.5,2,0.1,0,0,12,0,1,1,,
7823,Aleksandar Mitrović,0.3,4,3.9,2.5,3.6,14,17,2,0,,
7825,Anthony Martial,5.5,46,51.3,14.2,46,10,45,12,1,,
7839,Jay Rodriguez,1.3,-2,0.8,0,0,20,0,0,1,,
7850,Joelinton Cássio Apolinário de Lira,5.5,6,1,3,4,8,25,2,1,,
7856,Ellis Simms,-0.5,0,0,0,0,1,0,0,1,,
7863,Patrick Bamford,3.7,1,0.5,3.3,3,13,29,2,0,,
7864,Karlan Grant,1.1,2,6.4,1.4,3.2,2,4,1,1,,
7866,Callum Robinson,0.5,3,0,0,0,2,0,1,1,,
7875,Oliver McBurnie,1.1,0,0,0,0,3,0,0,0,,
7877,Sergio Agüero,1.2,0,0,0,0,16,0,0,0,,
7896,Jordan Ayew,0.3,4,4.8,3.3,7.2,11,21,2,1,,
7905,Michail Antonio,-0.1,0,0,0,0,5,0,0,0,,
7906,Callum Wilson,7.3,28,1.3,8.3,45,8,37,9,1,,
7910,Leonardo Campana,0.5,0,0,0,0,4,0,0,0,,
7913,Keinan Davis,0.7,0,0,0,0,18,0,0,0,,
7914,Odion Ighalo,0.5,0,0,0,0,10,0,0,1,,
7922,Olivier Giroud,3.5,0,0,0,0,19,0,0,1,,
7929,Rhian Brewster,1,0,1,0,0,3,0,1,0,,
7938,Andy Carroll,0.5,0,0,0,0,8,0,0,1,,
7952,Indiana Vassilev,0,0,0,0,0,18,0,0,0,,
7954,Wesley Moraes,0,0,0,0,0,18,0,0,0,,
7955,Sébastien Haller,3.3,-4,1.2,1.4,1.2,5,12,2,0,,
7956,Matej Vydra,0,0,0,0,0,20,0,0,1,,
7958,Billy Sharp,0.2,0,0,0,0,3,0,0,0,,
7961,Rodrigo Moreno,2.7,18,57.8,9.5,17.6,13,20,2,0,,
7967,Islam Slimani,0,0,0,0,0,17,0,0,0,,
7975,Jordan Hugill,0,0,0,0,0,5,0,0,0,,
7976,Alexandre Lacazette,1.2,6,10.3,2.6,3.2,7,12,1,0,,
7982,Tammy Abraham,4.1,57,2.2,11.1,71.2,19,38,13,1,,
7986,Lewis Richardson,-0.5,0,0,0,0,20,0,0,1,,
7992,Cenk Tosun,-0.2,3,0,0,0,1,0,1,1,,
7997,Divock Origi,1.3,0,0,0,0,6,0,0,0,,
8011,Dwight Gayle,3,3,2.5,0.3,0.6,8,0,1,1,,
8014,Liam Delap,1,0,0,0,0,16,0,0,0,,
8024,Aaron Connolly,1.2,0,0,0,0,19,0,0,0,,
8035,Raúl Jiménez,0,0,0,0,0,17,0,0,1,,
8044,Neal Maupay,1.8,24,6.2,8.7,36.2,19,45,7,0,,
8045,Moise Kean,0,0,0,0,0,15,0,0,0,,
8061,Shane Long,1,5,3,1.8,5.8,8,9,2,0,,
8068,Jamie Vardy,7.5,10,2.2,3.6,0.4,13,33,5,1,,
8072,Léo Bonatini,0,0,0,0,0,17,0,0,1,,
8081,Kelechi Iheanacho,0.7,0,0,0,0,13,0,0,1,,
8088,Gabriel Fernando de Jesus,0,0,0,0,0,14,0,0,1,,
8093,Kenneth Zohore,0,0,0,0,0,11,0,0,0,,
8108,Richarlison de Andrade,1.6,0,0,0,0,15,0,0,0,,
8110,Danny Welbeck,4,4,21.5,3.3,1.2,19,10,2,0,,
8111,Edward Nketiah,1.7,0,0,0,0,5,0,0,1,,
8113,Timo Werner,2.8,2,12.5,3.6,2.6,1,21,1,0,,
8118,Ollie Watkins,3.2,26,37.9,20.1,23.2,6,140,11,1,,
8121,Roberto Firmino,7,3,10.3,5.9,5.4,18,43,2,1,,
8190,Che Adams,4,5,2.8,1.3,7.8,8,2,2,0,,
8191,Hal Robson-Kanu,0,0,0,0,0,11,0,0,0,,
8192,Andi Zeqiri,0.2,0,0,0,0,19,0,0,0,,
8195,Carlos Vinicius Alves Morais,0.5,0,0,0,0,20,0,0,0,,
8203,Christian Benteke,4,2,13.2,2.9,1.6,2,14,2,0,,
8243,Charlie Austin,-0.8,3,0.1,0.2,2.2,11,0,1,0,,
8246,Ashley Barnes,1.8,-4,4.3,5.9,0.8,10,54,1,0,,
8273,Albian Ajeti,0,0,0,0,0,3,0,0,1,,
8285,Danny Ings,1.5,0,0,0,0,8,0,0,0,,
8292,Bobby Decordova-Reid,3,0,1,0.3,0.2,16,2,1,1,,
8300,Michy Batshuayi,0.6,6,25.2,3.6,6.4,2,4,1,0,,
8319,Harry Kane,5.3,2,3.9,3.6,5.6,20,26,2,0,,
8325,Edinson Cavani,3.5,16,13.5,3.4,18.4,9,2,4,0,,
8337,Florin Andone,0,0,0,0,0,19,0,0,0,,
8346,Fabio Silva,1.8,-1,2.5,3.7,1.2,17,33,2,1,,
8353,Chris Wood,2.7,1,37.3,9,8.8,10,44,2,0,,
8368,Connor Wickham,0,0,0,0,0,2,0,0,0,,
8371,Glenn Murray,0,0,0,0,0,19,0,0,0,,
8383,Mbwana Samatta,0,0,0,0,0,6,0,0,1,,
8389,Lys Mousset,0.5,0,0.8,0.2,0,7,2,1,1,,
8397,Joel Mumbongo,0.6,0,0,0,0,10,0,0,0,,
8404,Max Thompson,-0.5,0,0,0,0,10,0,0,0,,
8409,Michael Obafemi,0.5,0,0,0,0,8,0,0,0,,
8410,Dominic Calvert-Lewin,3.8,-3,16.2,2.9,4.4,15,8,1,0,,
8420,David McGoldrick,3.3,3,1.3,2.4,2.8,7,20,2,1,,
8432,Yoshinori Muto,0,0,0,0,0,12,0,0,0,,
8436,Daniel N'Lundulu,1.2,3,0,0,0,8,0,1,0,,
8437,Aleksandar Mitrović,0.3,2,0.3,0.5,0,16,6,1,1,,
8439,Anthony Martial,4.5,6,15.6,3.5,6.6,9,13,2,0,,
8453,Jay Rodriguez,0.8,2,1,1.3,0,10,13,1,0,,
8464,Joelinton Cássio Apolinário de Lira,1.8,1,1.9,0.9,0.6,12,6,2,0,,
8470,Ellis Simms,0,0,0,0,0,15,0,0,0,,
8477,Patrick Bamford,5.7,30,1.3,6.2,33.2,4,27,8,1,,
8478,Karlan Grant,0.2,2,0.8,3.2,5.2,11,26,2,0,,
8480,Callum Robinson,-0.3,11,16.7,2.3,6.4,11,0,2,0,,
8489,Oliver McBurnie,0.5,1,1.9,1.2,0,7,13,1,1,,
8491,Sergio Agüero,1.3,0,0.1,3.8,3.2,14,35,1,1,,
8510,Jordan Ayew,0.8,0,0,0,0,2,0,0,0,,
8519,Michail Antonio,0.1,0,0,0,0,3,0,0,1,,
8520,Callum Wilson,2.8,0,0,0,0,12,0,0,0,,
8524,Leonardo Campana,-0.5,0,0,0,0,17,0,0,1,,
8527,Keinan Davis,0.2,0,0,0,0,6,0,0,1,,
8528,Odion Ighalo,0,0,0,0,0,9,0,0,0,,
8536,Olivier Giroud,2.5,0,0,0,0,1,0,0,0,,
8543,Rhian Brewster,1.2,10,17.4,2,3,7,0,2,1,,
8552,Andy Carroll,-0.8,2,2.4,0.7,0,12,6,1,0,,
8566,Indiana Vassilev,0,0,0,0,0,6,0,0,1,,
8568,Wesley Moraes,0,0,0,0,0,6,0,0,1,,
8569,Sébastien Haller,2.7,2,12.5,3.7,5.4,3,19,2,1,,
8570,Matej Vydra,0,0,0,0,0,10,0,0,0,,
8572,Billy Sharp,0.2,0,0,0,0,7,0,0,1,,
8575,Rodrigo Moreno,3.7,-5,11,2.6,4.2,4,11,1,1,,
8581,Islam Slimani,0,0,0,0,0,13,0,0,1,,
8589,Jordan Hugill,0,0,0,0,0,3,0,0,1,,
8590,Alexandre Lacazette,2,28,4.9,8.3,37.8,5,40,8,1,,
8596,Tammy Abraham,4,25,2.6,8.3,31,1,49,6,0,,
8600,Lewis Richardson,-0.5,0,0,0,0,10,0,0,0,,
8606,Cenk Tosun,0.3,0,0,0,0,15,0,0,0,,
8611,Divock Origi,1.8,3,0,0,0,18,0,1,1,,
8625,Dwight Gayle,1.8,2,0,0,0,12,0,1,0,,
8628,Liam Delap,1,0,0,0,0,14,0,0,1,,
8637,Aaron Connolly,0.2,0,0,0,0,1,0,0,1,,
8647,Raúl Jiménez,0,0,0,0,0,13,0,0,0,,
8656,Neal Maupay,1.7,3,0.6,0.1,0.2,1,0,1,1,,
8666,Shane Long,0.5,2,1.8,0.3,0,19,2,1,1,,
8672,Jamie Vardy,7.3,3,0.2,0.1,1.2,6,0,1,0,,
8676,Léo Bonatini,0,0,0,0,0,13,0,0,0,,
8685,Kelechi Iheanacho,1,-8,1.8,4.5,1,6,42,0,0,,
8692,Kenneth Zohore,0,0,0,0,0,10,0,0,1,,
8701,Danny Welbeck,2.7,0,0,0,0,1,0,0,1,,
8702,Edward Nketiah,2.2,0,0,0,0,3,0,0,0,,
8703,Timo Werner,3.2,2,2,0.4,0,2,4,1,1,,
8707,Ollie Watkins,3.1,8,28.8,4.5,9.6,5,7,2,0,,
8709,Roberto Firmino,6.5,9,16.7,8.1,15.4,14,49,2,0,,
8764,Che Adams,3.3,0,1.3,4.5,4.2,19,39,1,1,,
8765,Hal Robson-Kanu,0,0,0,0,0,10,0,0,1,,
8766,Andi Zeqiri,-0.3,0,0,0,0,1,0,0,1,,
8775,Christian Benteke,3.2,1,0.9,1.4,3.8,9,9,2,1,,
8807,Charlie Austin,0.2,0,0,0,0,10,0,0,1,,
8810,Ashley Barnes,1.8,-3,2.2,2.3,2.2,15,19,2,1,,
8831,Albian Ajeti,0,0,0,0,0,16,0,0,0,,
8839,Danny Ings,0.7,-1,1.5,0.1,0,19,0,2,1,,
8851,Michy Batshuayi,0,0,0,0,0,9,0,0,1,,
8867,Edinson Cavani,1.8,-4,3,1.5,0,20,15,2,1,,
8876,Florin Andone,0,0,0,0,0,1,0,0,1,,
8883,Fabio Silva,1.8,-1,3.5,0.3,0,13,0,1,0,,
8887,Chris Wood,2.7,1,12.5,3.6,4.4,15,19,2,1,,
8902,Connor Wickham,0,0,0,0,0,9,0,0,1,,
8904,Glenn Murray,0,0,0,0,0,1,0,0,1,,
8914,Mbwana Samatta,0,0,0,0,0,5,0,0,0,,
8918,Lys Mousset,1.3,5,11.5,1.8,2.2,4,4,2,0,,
8925,Joel Mumbongo,-0.5,0,0,0,0,15,0,0,1,,
8930,Max Thompson,-0.5,0,0,0,0,15,0,0,1,,
8935,Michael Obafemi,0,0,0,0,0,19,0,0,1,,
8943,David McGoldrick,4.2,2,6.7,5.6,5.2,4,44,2,0,,
8954,Yoshinori Muto,0,0,0,0,0,11,0,0,1,,
8957,Daniel N'Lundulu,0.5,0,0,0,0,19,0,0,1,,
8959,Anthony Martial,5.2,2,3.9,1.4,1.4,20,9,1,1,,
8972,Jay Rodriguez,0.5,0,0,0,0,15,0,0,1,,
8982,Joelinton Cássio Apolinário de Lira,1.6,10,11.8,3.5,7.2,11,16,2,1,,
8993,Patrick Bamford,6.7,27,11.3,9.7,23.6,18,62,8,0,,
8994,Karlan Grant,1.2,5,1.3,0.5,1.8,10,2,2,1,,
8996,Callum Robinson,0.7,7,1.8,1.4,3.2,10,9,2,1,,
9005,Oliver McBurnie,1.7,0,0,0,0,4,0,0,0,,
9020,Jordan Ayew,0.3,4,0.3,0.1,1,9,0,1,1,,
9029,Michail Antonio,0.1,3,1.8,0.2,0.2,16,0,1,0,,
9030,Callum Wilson,2.4,2,12.9,5.5,0.4,11,42,2,1,,
9034,Leonardo Campana,-0.5,0,0,0,0,13,0,0,0,,
9037,Keinan Davis,-0.1,3,0.3,0.2,0,5,2,1,0,,
9038,Odion Ighalo,0.5,0,0,0,0,20,0,0,1,,
9045,Olivier Giroud,4.2,28,2.1,7.7,38.2,2,37,8,1,,
9051,Rhian Brewster,1.8,5,2.8,5.7,10.8,4,43,2,0,,
9057,Andy Carroll,-0.8,0,0,0,0,11,0,0,1,,
9069,Indiana Vassilev,0,0,0,0,0,5,0,0,0,,
9071,Wesley Moraes,0,0,0,0,0,5,0,0,0,,
9072,Sébastien Haller,2.8,0,11.7,2.1,3.6,16,6,2,0,,
9073,Matej Vydra,-0.1,0,0,0,0,15,0,0,1,,
9075,Billy Sharp,0.7,0,0,0,0,4,0,0,0,,
9079,Rodrigo Moreno,4.8,37,38,10.1,46,18,17,8,0,,
9084,Islam Slimani,0.5,0,0,0,0,6,0,0,0,,
9092,Jordan Hugill,0,0,0,0,0,16,0,0,0,,
9093,Alexandre Lacazette,3.5,30,0.4,5.1,33.6,3,17,7,0,,
9097,Tammy Abraham,4.2,0,0,0,0,2,0,0,1,,
9101,Lewis Richardson,-0.5,0,0,0,0,15,0,0,1,,
9110,Divock Origi,1.3,0,0,0,0,14,0,0,0,,
9119,Dwight Gayle,1.2,0,0,0,0,11,0,0,1,,
9129,Aaron Connolly,1.4,27,0,8.7,37,20,50,5,1,,
9137,Raúl Jiménez,0,0,0,0,0,3,0,0,0,,
9146,Neal Maupay,2.9,30,2.3,7.7,35.8,20,39,7,1,,
9147,Moise Kean,0,0,0,0,0,19,0,0,1,,
9161,Niall Huggins,0.6,0,0,0,0,17,0,0,0,,
9162,Shane Long,-0.6,0,0,0,0,11,0,0,1,,
9167,Jamie Vardy,6.8,17,21.9,5,22,14,6,5,0,,
9171,Léo Bonatini,0,0,0,0,0,3,0,0,0,,
9179,Kelechi Iheanacho,0.8,0,0,0,0,14,0,0,0,,
9186,Gabriel Fernando de Jesus,0,0,0,0,0,5,0,0,0,,
9191,Kenneth Zohore,0,0,0,0,0,1,0,0,1,,
9205,Richarlison de Andrade,2.6,8,20.8,5,9.6,19,20,2,1,,
9207,Danny Welbeck,2,0,0,0,0,20,0,0,1,,
9208,Edward Nketiah,2.5,0,0,0,0,18,0,0,0,,
9209,Timo Werner,1.7,7,4.3,3.9,2.4,12,32,2,1,,
9213,Ollie Watkins,2.8,3,28.3,9.5,7.8,13,59,2,0,,
9216,Roberto Firmino,6.5,8,13.7,4.4,4.6,16,26,2,0,,
9279,Che Adams,1.9,0,0,0,0,11,0,0,1,,
9280,Hal Robson-Kanu,-0.5,0,0,0,0,1,0,0,1,,
9281,Andi Zeqiri,0.3,0,0.8,5,0.4,20,49,1,1,,
9284,Carlos Vinicius Alves Morais,0.5,5,0.1,0.3,3.2,10,0,1,1,,
9292,Christian Benteke,2.2,9,3.3,0.9,0,15,7,4,1,,
9303,Cheikh Diaby,0.1,0,0,0,0,1,0,0,1,,
9330,Charlie Austin,-0.2,-2,1.8,2,2.4,1,16,1,1,,
9355,Albian Ajeti,0,0,0,0,0,7,0,0,0,,
9364,Danny Ings,2.7,39,20.9,9.3,45.6,11,26,9,1,,
9376,Michy Batshuayi,0.3,0,0,0,0,15,0,0,1,,
9393,Harry Kane,5.9,47,17.5,13,56.2,10,56,12,1,,
9399,Edinson Cavani,0,0,0,0,0,2,0,0,1,,
9411,Florin Andone,0,0,0,0,0,20,0,0,1,,
9420,Fabio Silva,2.5,7,11.3,3.3,3.2,3,18,2,0,,
9438,Connor Wickham,0,0,0,0,0,15,0,0,1,,
9441,Glenn Murray,0,0,0,0,0,20,0,0,1,,
9453,Mbwana Samatta,0,0,0,0,0,13,0,0,0,,
9457,Lys Mousset,1.2,-1,0.3,0,0,6,0,2,0,,
9472,Michael Obafemi,-1,0,0,0,0,11,0,0,1,,
9473,Dominic Calvert-Lewin,3.4,4,3.5,1.3,0,19,12,2,1,,
9483,David McGoldrick,4,3,7.2,4.3,7.2,6,29,2,0,,
9494,Yoshinori Muto,0,0,0,0,0,9,0,0,1,,
9495,Antwoine Hackford,1.1,3,0.1,1.8,0,6,18,1,0,,
9499,Daniel N'Lundulu,-0.4,1,0.4,0.5,1,11,4,1,1,,
9501,Anthony Martial,5.8,29,13,11.2,45.8,2,53,6,1,,
9524,Joelinton Cássio Apolinário de Lira,2,5,3.9,3,8.6,9,17,2,1,,
9530,Ellis Simms,0,0,0,0,0,19,0,0,1,,
9537,Patrick Bamford,4.7,-3,1.1,7.7,5.4,17,70,2,0,,
9538,Karlan Grant,0.3,0,0,0,0,1,0,0,1,,
9540,Callum Robinson,0.3,15,34.6,5.4,17.2,1,2,2,1,,
9549,Oliver McBurnie,0.1,0,0,0,0,6,0,0,0,,
9551,Sergio Agüero,1.1,3,0,0,0,5,0,1,0,,
9567,Jordan Ayew,0.8,1,3.3,1.5,1.6,15,10,1,1,,
9575,Michail Antonio,0.3,2,11.3,4.1,8.6,7,21,1,0,,
9576,Callum Wilson,2.7,5,1.8,1,3.8,9,4,2,1,,
9580,Leonardo Campana,0,0,0,0,0,3,0,0,0,,
9583,Keinan Davis,0,3,0,4.3,0,13,44,1,0,,
9584,Odion Ighalo,0.5,0,0,0,0,2,0,0,1,,
9592,Olivier Giroud,2.2,0,0,0,0,12,0,0,1,,
9598,Rhian Brewster,1.3,1,0.9,0.1,0.2,6,0,1,0,,
9607,Andy Carroll,1,29,1.3,8.2,38,9,43,8,1,,
9620,Indiana Vassilev,0,0,0,0,0,13,0,0,0,,
9621,Wesley Moraes,0,0,0,0,0,13,0,0,0,,
9622,Sébastien Haller,2.7,-3,4.3,1.9,0,7,15,1,0,,
9624,Billy Sharp,0.2,0,0,0,0,6,0,0,0,,
9627,Rodrigo Moreno,4,11,24,6,6.6,17,29,2,0,,
9633,Islam Slimani,0.5,0,0,0,0,14,0,0,0,,
9641,Jordan Hugill,0,0,0,0,0,7,0,0,0,,
9642,Alexandre Lacazette,5.8,53,32.3,21.5,87.6,18,95,12,0,,
9648,Tammy Abraham,3,0,0,0,0,12,0,0,1,,
9656,Cenk Tosun,0.4,3,0.8,0.3,0,19,2,1,1,,
9662,Divock Origi,1.3,0,0,0,0,16,0,0,0,,
9677,Dwight Gayle,1.3,0,0,0,0,9,0,0,1,,
9680,Liam Delap,0.5,0,0,0,0,5,0,0,0,,
9687,Aaron Connolly,0,0,0,0,0,12,0,0,0,,
9695,Raúl Jiménez,0,0,0,0,0,7,0,0,1,,
9701,Neal Maupay,3,1,0,0.8,0,12,8,1,0,,
9702,Moise Kean,0,0,0,0,0,20,0,0,0,,
9722,Léo Bonatini,0,0,0,0,0,7,0,0,1,,
9729,Gabriel Fernando de Jesus,2.4,1,1.5,0.4,2.2,3,0,1,1,,
9744,Richarlison de Andrade,0,0,0.3,0.2,1.2,20,0,1,0,,
9746,Danny Welbeck,0,0,0,0,0,12,0,0,0,,
9747,Edward Nketiah,1,1,0.5,0.3,0,6,4,1,1,,
9796,Andi Zeqiri,0.3,0,0,0,0,12,0,0,0,,
9797,Carlos Vinicius Alves Morais,0.9,1,0,0,0,8,0,1,1,,
9803,Christian Benteke,0.7,6,14.6,7.6,8,1,53,2,0,,
9833,Ashley Barnes,2,3,21.6,2.4,0,13,3,2,1,,
9866,Bobby Decordova-Reid,0,17,16.3,4.4,9.8,17,18,2,0,,
9872,Michy Batshuayi,-0.7,0,0,0,0,1,0,0,0,,
9886,Harry Kane,5.3,28,11.8,8.9,41.6,8,36,8,1,,
9890,Edinson Cavani,2.7,9,21.8,7.3,6.2,4,45,2,0,,
9899,Florin Andone,0,0,0,0,0,12,0,0,0,,
9904,Fabio Silva,3.7,4,0.8,2.5,0.2,7,24,2,1,,
9909,Chris Wood,2.8,4,15.1,3.7,1.6,13,20,2,1,,
9918,Connor Wickham,0,0,0,0,0,1,0,0,0,,
9921,Glenn Murray,0,0,0,0,0,12,0,0,0,,
9927,Patrick Cutrone,1,3,0,0,0,7,0,1,1,,
9934,Lys Mousset,0.4,0,0,0,0,14,0,0,1,,
9940,Joel Mumbongo,-2,0,0,0,0,13,0,0,1,,
9945,Max Thompson,-2,0,0,0,0,13,0,0,1,,
9948,Dominic Calvert-Lewin,0,0,0,0,0,20,0,0,0,,
9954,David McGoldrick,2.9,3,10.1,5.4,7.4,14,36,1,1,,
9961,Yoshinori Muto,0,0,0,0,0,15,0,0,0,,
9962,Antwoine Hackford,-0.2,0,0,0,0,14,0,0,1,,
9964,Aleksandar Mitrović,-0.6,0,0,0,0,17,0,0,0,,
9966,Anthony Martial,6.5,3,16.1,9.3,4.6,4,72,2,0,,
9972,Jay Rodriguez,-0.8,2,0.3,0.1,0,13,2,1,1,,
9979,Joelinton Cássio Apolinário de Lira,1.7,0,0,0,0,15,0,0,0,,
9983,Ellis Simms,0,0,0,0,0,20,0,0,0,,
9990,Oliver McBurnie,-0.2,0,0,0,0,14,0,0,1,,
9992,Sergio Agüero,0,0,0,0,0,3,0,0,1,,
10004,Jordan Ayew,-0.2,2,0,1.8,0.4,1,18,1,0,,
10009,Callum Wilson,3.7,-3,2.2,3,0.4,15,27,2,0,,
10012,Leonardo Campana,0.5,0,0,0,0,7,0,0,1,,
10014,Odion Ighalo,0.5,0,0,0,0,4,0,0,0,,
10022,Rhian Brewster,0.6,1,4.3,1.8,0,14,15,1,1,,
10031,Andy Carroll,2.3,3,0.5,0.1,0.4,15,0,1,0,,
10038,Matej Vydra,-1.4,-2,0.2,2.4,0,13,28,1,1,,
10039,Billy Sharp,0.2,22,10.4,6.1,31.4,14,19,5,1,,
10047,Alexandre Lacazette,5.5,7,3.8,1,0.4,6,6,2,1,,
10053,Lewis Richardson,-2,0,0,0,0,13,0,0,1,,
10057,Cenk Tosun,0,0,0,0,0,20,0,0,0,,
10075,Dwight Gayle,0.1,0,0,0,0,15,0,0,0,,
10077,Liam Delap,2,0,0,0,0,3,0,0,1,,
10087,Aaron Connolly,0,0,0,0,0,10,0,0,0,,
10105,Raúl Jiménez,0,0,0,0,0,18,0,0,1,,
10121,Neal Maupay,5,32,12.3,8.5,31.4,10,41,9,0,,
10149,Niall Huggins,0,0,0,0,0,3,0,0,1,,
10150,Shane Long,0.5,-1,0.3,0.4,1.2,9,2,1,0,,
10161,Jamie Vardy,6.5,0,0.8,7.5,0,16,75,2,1,,
10162,Jamie Vardy,6.5,4,10.1,3.4,3.2,5,21,2,1,,
10168,Léo Bonatini,0,0,0,0,0,18,0,0,1,,
10181,Kelechi Iheanacho,1.3,3,0,0,0,16,0,1,1,,
10182,Kelechi Iheanacho,1.3,2,0.5,0.3,2,5,0,1,1,,
10191,Gabriel Fernando de Jesus,4.8,16,27.8,6.5,10.4,6,27,2,1,,
10192,Gabriel Fernando de Jesus,4.8,10,10.9,2.9,0,2,19,4,1,,
10199,Kenneth Zohore,0,0,0,0,0,20,0,0,0,,
10200,Kenneth Zohore,0,0,0,0,0,19,0,0,0,,
10223,Danny Welbeck,0,0,0,0,0,10,0,0,0,,
10224,Edward Nketiah,0.7,0,0,0,0,14,0,0,1,,
10227,Timo Werner,3.4,0,10.5,1.9,0,8,8,1,0,,
10228,Timo Werner,3.4,1,0.3,0.1,0.6,9,0,1,0,,
10236,Ollie Watkins,8.2,6,12.3,3.1,8.2,12,10,2,0,,
10237,Ollie Watkins,8.2,29,17.2,11.7,41.8,14,58,6,1,,
10240,Roberto Firmino,5.6,11,26.3,13.6,15,13,95,2,1,,
10241,Roberto Firmino,5.6,1,2.2,2.7,0,4,28,1,1,,
10349,Che Adams,0.7,5,5.3,2.7,2.4,9,19,2,0,,
10350,Hal Robson-Kanu,-0.1,-2,0,0,0,20,0,1,0,,
10351,Hal Robson-Kanu,-0.1,0,0,0,0,19,0,1,0,,
10352,Andi Zeqiri,0.2,0,0,0,0,10,0,0,0,,
10356,Carlos Vinicius Alves Morais,1.3,2,0,0,0,15,0,1,0,,
10367,Christian Benteke,1,0,0,0,0,12,0,0,0,,
10386,Cheikh Diaby,-1,0,0,0,0,20,0,0,0,,
10387,Cheikh Diaby,-1,0,0,0,0,19,0,0,0,,
10426,Charlie Austin,0,0,0,0,0,20,0,0,0,,
10427,Charlie Austin,0,0,0,0,0,19,0,0,0,,
10431,Ashley Barnes,3.2,1,22.8,2.7,0.4,19,4,1,0,,
10432,Ashley Barnes,3.2,26,10.9,9.7,42.8,11,43,7,0,,
10473,Albian Ajeti,0,0,0,0,0,4,0,0,1,,
10474,Albian Ajeti,0,0,0,0,0,18,0,0,1,,
10495,Danny Ings,0.6,0,0,0,0,9,0,0,0,,
10507,Bobby Decordova-Reid,0,6,13.6,3,14.2,5,2,1,1,,
10508,Bobby Decordova-Reid,0,0,0,0,0,13,0,0,1,,
10520,Michy Batshuayi,-0.6,3,0.1,0,0.2,12,0,1,0,,
10521,Ademipo Odubeko,3.2,0,0,0,0,4,0,0,1,,
10522,Ademipo Odubeko,3.2,0,0,0,0,18,0,0,1,,
10547,Harry Kane,8.3,41,50.3,15.5,55.6,15,49,9,0,,
10558,Edinson Cavani,5.9,3,0.2,0.3,2.4,11,0,1,0,,
10559,Edinson Cavani,5.9,29,2.4,7.8,39.8,8,36,7,0,,
10577,Florin Andone,0,0,0,0,0,10,0,0,0,,
10590,Fabio Silva,3.1,25,19.8,12.6,33,18,73,6,1,,
10602,Chris Wood,2,5,4.3,1.5,3.2,19,7,2,0,,
10603,Chris Wood,2,4,13.3,1.9,2,11,4,2,0,,
10624,Connor Wickham,0,0,0,0,0,12,0,0,0,,
10629,Glenn Murray,0,0,0,0,0,10,0,0,0,,
10643,Patrick Cutrone,1.5,2,0,0.2,0,18,4,1,1,,
10645,Mbwana Samatta,0,0,0,0,0,12,0,0,0,,
10646,Mbwana Samatta,0,0,0,0,0,14,0,0,1,,
10656,Lys Mousset,0.5,0,0,0,0,17,0,0,1,,
10668,Joel Mumbongo,-2,0,0,0,0,19,0,0,0,,
10669,Joel Mumbongo,-2,0,0,0,0,11,0,0,0,,
10680,Max Thompson,-2,0,0,0,0,19,0,0,0,,
10681,Max Thompson,-2,0,0,0,0,11,0,0,0,,
10689,Michael Obafemi,-0.1,0,0,0,0,9,0,0,0,,
10701,David McGoldrick,2.3,28,18.8,11.3,42,17,52,7,1,,
10720,Yoshinori Muto,0,0,0,0,0,1,0,0,0,,
10721,Yoshinori Muto,0,0,0,0,0,2,0,0,0,,
10722,Antwoine Hackford,-0.2,0,0,0,0,17,0,0,1,,
10728,Daniel N'Lundulu,0.3,3,11,1.7,0.2,9,6,1,0,,
10729,Aleksandar Mitrović,-0.8,0,0,0,0,5,0,0,1,,
10730,Aleksandar Mitrović,-0.8,2,0.5,0.3,0,13,4,1,1,,
10732,Anthony Martial,4.1,12,11.1,2.3,8,11,4,2,0,,
10733,Anthony Martial,4.1,7,6.9,3.9,2.2,8,30,2,0,,
10754,Jay Rodriguez,-0.8,4,0.8,1.9,2.2,19,16,1,0,,
10755,Jay Rodriguez,-0.8,0,0,0,0,11,0,0,0,,
10773,Joelinton Cássio Apolinário de Lira,2.1,7,0.9,1.4,10.8,1,2,2,0,,
10774,Joelinton Cássio Apolinário de Lira,2.1,0,0,0,0,2,0,0,0,,
10794,Patrick Bamford,5,4,10.3,1.8,0,3,8,2,1,,
10795,Karlan Grant,0,0,0,0,0,20,0,0,0,,
10796,Karlan Grant,0,0,0,0,0,19,0,0,0,,
10799,Callum Robinson,5.8,25,0.7,5.1,7,20,43,9,0,,
10800,Callum Robinson,5.8,7,2.8,0.7,1.4,19,3,2,0,,
10811,Oliver McBurnie,-0.1,0,0,0,0,17,0,0,1,,
10814,Sergio Agüero,0,0,0,0,0,6,0,0,1,,
10815,Sergio Agüero,0,0,0,0,0,2,0,0,1,,
10846,Jordan Ayew,0,7,4.6,3.4,7.8,12,22,2,0,,
10860,Michail Antonio,9,28,3.3,10.1,40.2,4,57,9,1,,
10861,Michail Antonio,9,39,25.7,9,40.6,18,24,9,1,,
10862,Callum Wilson,2.9,7,12.2,4.1,10.6,1,18,2,0,,
10863,Callum Wilson,2.9,3,2.2,0.6,2.2,2,2,2,0,,
10870,Leonardo Campana,0.5,0,0,0,0,18,0,0,1,,
10874,Keinan Davis,-0.2,0,0,0,0,12,0,0,0,,
10875,Keinan Davis,-0.2,0,0,0,0,14,0,0,1,,
10876,Odion Ighalo,0.5,0,0,0,0,11,0,0,0,,
10877,Odion Ighalo,0.5,0,0,0,0,8,0,0,0,,
10888,Olivier Giroud,5,5,23.6,9.6,6,8,66,2,0,,
10889,Olivier Giroud,5,0,0,0,0,9,0,0,0,,
10900,Rhian Brewster,0.9,3,0.5,0.6,3,17,2,1,1,,
10912,Andy Carroll,3.9,6,13.3,1.8,0,1,5,2,0,,
10913,Andy Carroll,3.9,-2,1.6,0.2,0,2,8,1,0,,
10937,Indiana Vassilev,0,0,0,0,0,12,0,0,0,,
10938,Indiana Vassilev,0,0,0,0,0,14,0,0,1,,
10941,Wesley Moraes,0,0,0,0,0,12,0,0,0,,
10942,Wesley Moraes,0,0,0,0,0,14,0,0,1,,
10943,Sébastien Haller,0,0,0,0,0,4,0,0,1,,
10944,Sébastien Haller,0,0,0,0,0,18,0,0,1,,
10945,Matej Vydra,-1.2,2,0.6,0.3,0,19,2,1,0,,
10946,Matej Vydra,-1.2,0,0,0,0,11,0,0,0,,
10949,Billy Sharp,0.7,0,0,0,0,17,1,1,1,,
10955,Rodrigo Moreno,3.2,6,2.1,0.5,2.4,3,0,2,1,,
10961,Islam Slimani,0,0,0,0,0,16,0,0,1,,
10962,Islam Slimani,0,0,0,0,0,5,0,0,1,,
10973,Jordan Hugill,0,0,0,0,0,4,0,0,1,,
10974,Jordan Hugill,0,0,0,0,0,18,0,0,1,,
10975,Alexandre Lacazette,6.7,5,24.6,10.5,18.8,14,62,2,1,,
10982,Tammy Abraham,4.6,1,1.6,2.4,3.4,8,19,1,0,,
10983,Tammy Abraham,4.6,2,1.8,4.7,8.2,9,37,2,0,,
10989,Lewis Richardson,-2,0,0,0,0,19,0,0,0,,
10990,Lewis Richardson,-2,0,0,0,0,11,0,0,0,,
11004,Divock Origi,3.2,3,0.3,0.2,0,13,2,1,1,,
11005,Divock Origi,3.2,-1,2.8,4,6.4,4,31,1,1,,
11019,Dwight Gayle,0.1,0,0,0,0,1,0,0,0,,
11020,Dwight Gayle,0.1,2,0.1,0.2,0,2,4,1,0,,
11025,Liam Delap,2,0,0,0,0,6,0,0,1,,
11026,Liam Delap,2,0,0,0,0,2,0,0,1,,
11040,Aaron Connolly,0.8,0,0,0,0,8,0,0,1,,
11051,Raúl Jiménez,0,0,0,0,0,5,0,0,0,,
11055,Jean-Philippe Mateta,0,0,0,0,0,19,0,0,1,,
11063,Neal Maupay,5.3,2,21.8,8.4,6.4,8,56,2,1,,
11064,Moise Kean,0,0,0,0,0,9,0,0,1,,
11082,Niall Huggins,0,0,0,0,0,14,0,0,0,,
11083,Shane Long,-0.2,0,0,0,0,1,0,0,1,,
11090,Jamie Vardy,0,0,0,0,0,7,0,0,0,,
11094,Léo Bonatini,0,0,0,0,0,5,0,0,0,,
11103,Kelechi Iheanacho,1,0,0,0,0,7,0,0,0,,
11110,Gabriel Fernando de Jesus,3.1,3,14.1,2.3,2.8,18,6,1,0,,
11115,Kenneth Zohore,0,0,0,0,0,12,0,0,1,,
11130,Richarlison de Andrade,1.2,-3,0.9,3.4,8.6,9,24,2,1,,
11132,Danny Welbeck,0,0,0,0,0,8,0,0,1,,
11133,Edward Nketiah,0.7,0,0,0,0,16,0,0,0,,
11135,Timo Werner,1.5,0,0,0,0,20,0,0,1,,
11140,Ollie Watkins,4.5,25,22.7,16.8,47.2,4,98,6,0,,
11143,Roberto Firmino,3.3,33,38,13.4,42.4,17,54,7,0,,
11215,Che Adams,0.8,7,12.5,5.7,11.4,1,33,2,1,,
11216,Hal Robson-Kanu,-1,-4,0.3,0,0,12,0,0,1,,
11217,Andi Zeqiri,0.7,0,0,0,0,8,0,0,1,,
11220,Carlos Vinicius Alves Morais,0.3,0,0,0,0,11,0,0,1,,
11228,Christian Benteke,2.8,14,16.6,3.7,16.8,19,4,5,1,,
11242,Cheikh Diaby,-1.5,0,0,0,0,12,0,0,1,,
11271,Charlie Austin,0,0,0,0,0,12,0,0,1,,
11274,Ashley Barnes,1.5,0,0,0,0,2,0,0,1,,
11304,Albian Ajeti,0,0,0,0,0,6,0,0,0,,
11317,Danny Ings,3.2,12,16.8,8.2,12,1,53,2,1,,
11325,Bobby Decordova-Reid,0.7,13,12.5,4,14.6,3,13,2,0,,
11333,Michy Batshuayi,1.8,25,0.1,5,33,19,17,6,1,,
11334,Ademipo Odubeko,0,0,0,0,0,6,0,0,0,,
11353,Harry Kane,7,-1,0.1,0,0,11,2,1,1,,
11359,Edinson Cavani,2.7,1,0.3,0.7,1,15,6,1,1,,
11371,Florin Andone,0,0,0,0,0,8,0,0,1,,
11380,Fabio Silva,2,0,0,0,0,5,0,0,0,,
11387,Chris Wood,3,32,2.5,7.7,40.4,2,34,8,1,,
11402,Connor Wickham,0,0,0,0,0,19,0,0,1,,
11405,Glenn Murray,0,0,0,0,0,8,0,0,1,,
11415,Patrick Cutrone,0.2,0,0,0,0,5,0,0,0,,
11418,Mbwana Samatta,0,0,0,0,0,4,0,0,0,,
11424,Lys Mousset,0,0,0,0,0,13,0,0,0,,
11432,Joel Mumbongo,-0.5,0,0,0,0,2,0,0,1,,
11439,Max Thompson,-0.5,0,0,0,0,2,0,0,1,,
11444,Michael Obafemi,-0.1,0,0,0,0,1,0,0,1,,
11445,Dominic Calvert-Lewin,0.8,5,4.5,4.9,5.6,9,39,2,1,,
11455,David McGoldrick,2.5,2,5.8,1,0.2,13,4,2,0,,
11467,Yoshinori Muto,0,0,0,0,0,10,0,0,1,,
11468,Antwoine Hackford,-0.3,0,0,0,0,13,0,0,0,,
11472,Daniel N'Lundulu,0.5,2,0.5,0.4,1.2,1,2,1,1,,
11473,Aleksandar Mitrović,0,4,1.3,2.5,4.2,3,19,1,0,,
11475,Anthony Martial,3.3,7,9.3,3.8,3.6,15,25,2,1,,
11489,Jay Rodriguez,0.5,2,1.8,0.9,5.6,2,2,2,1,,
11501,Joelinton Cássio Apolinário de Lira,1,0,0,0,0,10,0,0,1,,
11507,Ellis Simms,0,0,0,0,0,9,0,0,1,,
11514,Patrick Bamford,1.7,2,1.3,0.6,0,14,8,1,0,,
11515,Karlan Grant,-1,6,1.2,0.8,3,12,4,2,1,,
11517,Callum Robinson,2,1,0.5,0.2,0,12,4,1,1,,
11526,Oliver McBurnie,-0.1,0,0,0,0,13,0,0,0,,
11528,Sergio Agüero,0,0,0,0,0,18,0,0,0,,
11548,Jordan Ayew,2,16,34,6,23.8,19,2,4,1,,
11557,Michail Antonio,6,8,24.8,11,16.2,6,69,5,0,,
11558,Callum Wilson,2.5,17,11.3,5.6,18.2,10,26,5,1,,
11563,Leonardo Campana,-0.5,0,0,0,0,5,0,0,0,,
11566,Keinan Davis,1,3,1.3,0.5,0,4,4,1,0,,
11567,Odion Ighalo,0.5,0,0,0,0,15,0,0,1,,
11575,Olivier Giroud,1.5,5,11.3,7.7,7.2,20,58,2,1,,
11582,Rhian Brewster,0.5,5,0,0.4,4,13,0,1,0,,
11593,Andy Carroll,2,0,0,0,0,10,0,0,1,,
11606,Willian José Da Silva,0,3,0.3,0.6,6,5,0,1,0,,
11609,Indiana Vassilev,0,0,0,0,0,4,0,0,0,,
11611,Wesley Moraes,0,0,0,0,0,4,0,0,0,,
11612,Sébastien Haller,0,0,0,0,0,6,0,0,0,,
11613,Matej Vydra,0.3,2,0.6,0.1,0.2,2,0,1,1,,
11615,Billy Sharp,1.5,-1,1.3,2,1.6,13,17,2,0,,
11619,Rodrigo Moreno,2.7,13,23.1,7.4,21.8,14,29,4,0,,
11625,Islam Slimani,0,0,0,0,0,7,0,0,0,,
11633,Jordan Hugill,0,0,0,0,0,6,0,0,0,,
11634,Alexandre Lacazette,7.3,37,16.1,12.5,52.4,16,56,11,0,,
11640,Tammy Abraham,1.5,3,0.3,0.2,0,20,2,1,1,,
11644,Lewis Richardson,-0.5,0,0,0,0,2,0,0,1,,
11650,Cenk Tosun,-0.2,0,0,0,0,9,0,0,1,,
11656,Divock Origi,1.1,2,0.1,0.2,2.2,17,0,1,0,,
11671,Dwight Gayle,0.3,2,0,0.1,0,10,3,1,1,,
11674,Liam Delap,1.5,0,0,0,0,18,0,0,0,,
11684,Aaron Connolly,0.7,0,1.3,1.9,0,17,18,1,1,,
11695,Raúl Jiménez,0,0,0,0,0,6,0,0,0,,
11699,Jean-Philippe Mateta,0,0,0,0,0,20,0,0,1,,
11707,Neal Maupay,3.5,4,23.6,5.1,4.4,17,23,1,1,,
11708,Moise Kean,0,0,0,0,0,14,0,0,1,,
11726,Niall Huggins,-0.5,0,0,0,0,9,0,0,0,,
11727,Shane Long,0.2,0,0,0,0,2,0,0,1,,
11734,Jamie Vardy,0,0,0,0,0,10,0,0,1,,
11738,Léo Bonatini,0,0,0,0,0,6,0,0,0,,
11747,Kelechi Iheanacho,0.9,0,0,0,0,10,0,0,1,,
11754,Gabriel Fernando de Jesus,3.8,32,16.1,10.9,36.4,15,56,9,1,,
11759,Kenneth Zohore,0,0,0,0,0,8,0,0,1,,
11774,Richarlison de Andrade,1.7,7,14,5.3,14,14,25,2,1,,
11776,Danny Welbeck,0,0,0,0,0,17,0,0,1,,
11777,Edward Nketiah,0.4,3,0,0,0,13,0,1,1,,
11779,Timo Werner,2.2,4,23.7,8.8,17,4,47,2,1,,
11784,Ollie Watkins,4,-3,3.4,8.8,16.6,16,68,2,0,,
11787,Roberto Firmino,4.2,15,13.5,3.5,19.6,19,2,4,0,,
11861,Che Adams,1.2,-3,11.5,7.2,7.6,2,53,1,1,,
11862,Hal Robson-Kanu,0.4,0,0,0,0,8,0,0,1,,
11863,Andi Zeqiri,-0.3,0,0,0,0,17,0,0,1,,
11866,Carlos Vinicius Alves Morais,1.3,5,11.6,8.1,11,3,58,1,0,,
11874,Christian Benteke,2.2,0,0,0,0,20,0,0,1,,
11889,Cheikh Diaby,0,0,0,0,0,8,0,0,1,,
11918,Charlie Austin,0,0,0,0,0,8,0,0,1,,
11921,Ashley Barnes,0.8,0,0,0,0,5,0,0,0,,
11952,Albian Ajeti,0,0,0,0,0,11,0,0,1,,
11965,Danny Ings,3.2,11,26,7,8.8,2,35,2,1,,
11973,Bobby Decordova-Reid,2.4,25,12.3,7.7,33.8,18,31,7,0,,
11981,Michy Batshuayi,1.8,0,24.3,4.7,3,20,20,2,1,,
11982,Ademipo Odubeko,-1,0,0,0,0,11,0,0,1,,
12001,Harry Kane,0,0,0,0,0,3,0,0,0,,
12007,Edinson Cavani,2.6,-3,15.1,2.7,0,1,15,2,0,,
12019,Florin Andone,0,0,0,0,0,17,0,0,1,,
12028,Fabio Silva,2.2,3,0,0.2,0.2,6,2,1,0,,
12035,Chris Wood,2.2,3,1.8,0.5,0,5,4,2,0,,
12050,Connor Wickham,0,0,0,0,0,20,0,0,1,,
12053,Glenn Murray,0,0,0,0,0,17,0,0,1,,
12063,Patrick Cutrone,0.5,0,0,0,0,6,0,0,0,,
12066,Mbwana Samatta,0,0,0,0,0,16,0,0,0,,
12072,Lys Mousset,-0.6,0,0,0,0,12,0,0,0,,
12080,Joel Mumbongo,-0.8,1,1.2,0.1,0,5,0,1,0,,
12087,Max Thompson,-1,0,0,0,0,5,0,0,0,,
12092,Michael Obafemi,0,0,0,0,0,2,0,0,1,,
12093,Dominic Calvert-Lewin,1.3,2,16.8,5.7,11.2,14,29,2,1,,
12103,David McGoldrick,1.6,1,0.5,0.5,2.6,12,2,1,0,,
12115,Yoshinori Muto,0,0,0,0,0,7,0,0,0,,
12116,Antwoine Hackford,-0.8,0,0,0,0,12,0,0,0,,
12120,Daniel N'Lundulu,0.8,0,0,0,0,2,0,0,1,,
12121,Aleksandar Mitrović,1.8,28,57.6,11.6,37.2,18,21,7,0,,
12123,Anthony Martial,1.8,2,22.3,6.1,10.4,1,28,1,0,,
12137,Jay Rodriguez,0,3,0.5,0.5,2.2,5,2,1,0,,
12149,Joelinton Cássio Apolinário de Lira,0.7,0,0,0,0,7,0,0,0,,
12155,Ellis Simms,0,0,0,0,0,14,0,0,1,,
12162,Patrick Bamford,4.5,56,35.3,16.6,74.2,9,56,15,0,,
12163,Karlan Grant,0.8,7,2.4,2.8,6.6,8,19,2,1,,
12165,Callum Robinson,3,2,0.8,0,0,8,0,1,1,,
12174,Oliver McBurnie,-0.2,2,0.5,0.3,2.6,12,0,1,0,,
12176,Sergio Agüero,0,0,0,0,0,15,0,0,1,,
12196,Jordan Ayew,2.6,22,24.4,5.3,25,20,4,5,1,,
12205,Michail Antonio,5.2,5,1,4.9,8,11,40,2,1,,
12206,Callum Wilson,4.3,42,3.6,15.8,73,7,81,13,0,,
12211,Leonardo Campana,0,0,0,0,0,6,0,0,0,,
12214,Keinan Davis,0.2,0,0,0,0,16,0,0,0,,
12215,Odion Ighalo,0,0,0,0,0,1,0,0,0,,
12223,Olivier Giroud,1.8,0,0,0,0,4,0,0,1,,
12230,Rhian Brewster,0.2,6,1.1,1.2,2.2,12,9,2,0,,
12241,Andy Carroll,2,0,0,0,0,7,0,0,0,,
12254,Willian José Da Silva,1.5,3,1.9,6.9,7,6,60,2,0,,
12257,Indiana Vassilev,0,0,0,0,0,16,0,0,0,,
12259,Wesley Moraes,0,0,0,0,0,16,0,0,0,,
12260,Sébastien Haller,0,0,0,0,0,11,0,0,1,,
12261,Matej Vydra,-0.2,3,0.8,0.4,0,5,4,1,0,,
12263,Billy Sharp,0.8,3,11.3,1.5,2,12,2,1,0,,
12267,Rodrigo Moreno,1.7,3,1.2,0.1,0,9,0,1,0,,
12273,Islam Slimani,0,0,0,0,0,10,0,0,1,,
12281,Jordan Hugill,0,0,0,0,0,11,0,0,1,,
12282,Alexandre Lacazette,5.8,2,1.1,1.3,0,13,12,2,1,,
12288,Tammy Abraham,2,0,1.7,0.1,0,4,2,1,1,,
12292,Lewis Richardson,-1,0,0,0,0,5,0,0,0,,
12298,Cenk Tosun,0,0,0,0,0,14,0,0,1,,
12300,Mbaye Diagne,2,17,24.3,4.6,21.2,8,0,4,1,,
12305,Divock Origi,2,5,18.8,4.4,1.8,19,23,2,0,,
12321,Dwight Gayle,0.3,0,0,0,0,7,0,0,0,,
12324,Liam Delap,1,0,0,0,0,15,0,0,1,,
12334,Aaron Connolly,-0.6,3,0.6,0.2,1,11,0,1,0,,
12345,Raúl Jiménez,0,0,0,0,0,1,0,0,1,,
12349,Jean-Philippe Mateta,0,0,0,0,0,14,0,0,0,,
12357,Neal Maupay,2,4,12.9,3.6,0,11,24,2,0,,
12358,Moise Kean,0,0,0,0,0,10,0,0,0,,
12376,Niall Huggins,0,0,0,0,0,7,0,0,1,,
12377,Shane Long,0,0,0,0,0,13,0,0,0,,
12384,Jamie Vardy,0,0,0,0,0,8,0,0,0,,
12388,Léo Bonatini,0,0,0,0,0,1,0,0,1,,
12397,Kelechi Iheanacho,2.6,25,14,8.5,33.8,8,37,6,0,,
12404,Gabriel Fernando de Jesus,5.8,37,6.3,10.3,36,4,61,9,0,,
12410,Kenneth Zohore,0,0,0,0,0,15,0,0,0,,
12425,Richarlison de Andrade,1.8,7,1.7,0.8,4.8,10,1,2,0,,
12427,Danny Welbeck,0,0,0,0,0,11,0,0,0,,
12428,Edward Nketiah,0.9,0,0,0,0,20,0,0,0,,
12430,Timo Werner,1.8,17,23.8,10.4,8.2,17,72,5,0,,
12435,Ollie Watkins,4.4,18,7,9.1,29,19,55,6,1,,
12439,Roberto Firmino,4.2,10,4.6,5.4,4,3,45,2,1,,
12515,Che Adams,1.3,2,11.6,2.5,9.2,13,4,2,0,,
12516,Hal Robson-Kanu,0.1,1,0.3,0.4,0,15,4,1,0,,
12517,Andi Zeqiri,-0.8,3,0,0,0,11,0,1,0,,
12520,Carlos Vinicius Alves Morais,1,-1,2.8,1.1,2,5,6,2,1,,
12528,Christian Benteke,1.6,1,2.1,0.5,1.2,14,2,1,0,,
12530,Joshua King,1.7,1,0,0,0.2,10,0,1,0,,
12544,Cheikh Diaby,-0.5,0,0,0,0,15,0,0,0,,
12575,Charlie Austin,0,0,0,0,0,15,0,0,0,,
12578,Ashley Barnes,0.1,0,0,0,0,12,0,0,1,,
12609,Albian Ajeti,0,0,0,0,0,2,0,0,0,,
12622,Danny Ings,1,7,0.5,1.1,10,13,0,2,0,,
12630,Bobby Decordova-Reid,1.2,2,2,2.3,1.4,9,20,1,1,,
12638,Michy Batshuayi,2.2,4,3.3,1.6,5.8,14,7,2,0,,
12639,Ademipo Odubeko,0,0,0,0,0,2,0,0,0,,
12658,Harry Kane,0,0,0,0,0,5,0,0,1,,
12664,Edinson Cavani,3.5,25,2.5,5.9,31.4,16,25,5,1,,
12676,Florin Andone,0,0,0,0,0,11,0,0,0,,
12685,Fabio Silva,1.5,3,0,0,0,1,0,1,1,,
12692,Chris Wood,0.3,0,0,0,0,12,0,0,1,,
12708,Connor Wickham,0,0,0,0,0,14,0,0,0,,
12711,Glenn Murray,0,0,0,0,0,11,0,0,0,,
12722,Patrick Cutrone,0,0,0,0,0,1,0,0,1,,
12725,Mbwana Samatta,0,0,0,0,0,19,0,0,1,,
12732,Lys Mousset,0.5,0,0,0,0,18,0,0,1,,
12740,Joel Mumbongo,-1.3,-1,0,0,0,12,0,0,1,,
12747,Max Thompson,-1.5,0,0,0,0,12,0,0,1,,
12752,Michael Obafemi,0,0,0,0,0,13,0,0,0,,
12753,Dominic Calvert-Lewin,3.2,27,5.1,14.5,49,10,91,9,0,,
12763,David McGoldrick,2.9,10,5.5,4.4,16,18,22,1,1,,
12775,Yoshinori Muto,0,0,0,0,0,6,0,0,1,,
12776,Antwoine Hackford,0.5,0,0,0,0,18,0,0,1,,
12781,Daniel N'Lundulu,0,0,0,0,0,13,0,0,0,,
12782,Aleksandar Mitrović,0.8,2,17.8,4.7,0,9,33,2,1,,
12784,Anthony Martial,4.2,51,3.8,15.4,62.4,16,88,13,1,,
12798,Jay Rodriguez,-0.3,0,1.2,0.2,0,12,2,2,1,,
12810,Joelinton Cássio Apolinário de Lira,0.3,0,0,0,0,6,0,0,1,,
12816,Ellis Simms,0,0,0,0,0,10,0,0,0,,
12823,Patrick Bamford,4.3,17,32.3,9.6,22,7,42,5,1,,
12824,Karlan Grant,0.5,3,0.8,0.3,0,15,2,1,0,,
12826,Callum Robinson,2.5,2,0.7,5.5,10,15,44,2,0,,
12835,Oliver McBurnie,0.9,5,21.8,5.2,8.4,18,22,1,1,,
12837,Sergio Agüero,0,0,0,0,0,4,0,0,0,,
12858,Jordan Ayew,2.6,-4,3.6,2.9,5.8,14,20,1,0,,
12867,Michail Antonio,6.6,18,21.6,12.6,34.8,2,70,8,0,,
12868,Callum Wilson,4.8,10,17.1,6.3,12,6,34,5,1,,
12873,Leonardo Campana,-0.5,0,0,0,0,1,0,0,1,,
12876,Keinan Davis,0.2,0,0,0,0,19,0,0,1,,
12877,Odion Ighalo,0,0,0,0,0,16,0,0,1,,
12885,Olivier Giroud,0.8,0,0,0,0,17,0,0,0,,
12893,Rhian Brewster,1.5,0,0,0,0,18,0,0,1,,
12904,Andy Carroll,0.8,3,0.3,3.6,3,6,33,1,1,,
12917,Willian José Da Silva,2.2,18,19.4,4.5,6.8,1,19,5,1,,
12920,Indiana Vassilev,0,0,0,0,0,19,0,0,1,,
12922,Wesley Moraes,0,0,0,0,0,19,0,0,1,,
12923,Sébastien Haller,0,0,0,0,0,2,0,0,0,,
12924,Matej Vydra,-0.5,3,4.8,1.5,0,12,12,2,1,,
12926,Billy Sharp,4.1,32,2.7,6.4,36.2,18,25,9,1,,
12930,Rodrigo Moreno,0.5,0,0,0,0,7,0,0,1,,
12936,Islam Slimani,0,0,0,0,0,8,0,0,0,,
12944,Jordan Hugill,0,0,0,0,0,2,0,0,0,,
12945,Alexandre Lacazette,3.5,10,12.2,3.1,16.6,20,2,4,0,,
12951,Tammy Abraham,1,0,0,0,0,17,0,0,0,,
12955,Lewis Richardson,-1.5,0,0,0,0,12,0,0,1,,
12961,Cenk Tosun,0,0,0,0,0,10,0,0,0,,
12963,Mbaye Diagne,4,6,1.7,3.7,2.6,15,33,5,0,,
12968,Divock Origi,2.2,4,10.5,2,7,3,2,1,1,,
12984,Dwight Gayle,0.5,3,0.5,0.1,0,6,0,1,1,,
12987,Liam Delap,1.5,0,0,0,0,4,0,0,0,,
12997,Aaron Connolly,1.2,3,1.6,1.5,0,4,15,2,0,,
13008,Raúl Jiménez,0,0,0,0,0,9,0,0,1,,
13012,Jean-Philippe Mateta,0.5,8,11.9,2.1,9.2,10,0,2,0,,
13020,Neal Maupay,3.3,2,12.3,2.4,0,4,12,2,0,,
13021,Moise Kean,0,0,0,0,0,13,0,0,0,,
13039,Niall Huggins,0,0,0,0,0,6,0,0,1,,
13040,Shane Long,0,0,0,0,0,14,0,0,0,,
13047,Jamie Vardy,1.3,0,2.3,1.1,1,20,8,1,0,,
13051,Léo Bonatini,0,0,0,0,0,9,0,0,1,,
13060,Kelechi Iheanacho,2.2,5,34.2,5.2,1.4,20,16,2,0,,
13067,Gabriel Fernando de Jesus,4.3,13,11.1,3,18.6,11,0,4,0,,
13073,Kenneth Zohore,0,0,0,0,0,17,0,0,0,,
13089,Richarlison de Andrade,1.3,-2,4.9,2,1.6,13,13,2,0,,
13091,Danny Welbeck,0,3,0.3,1,2,4,8,1,0,,
13092,Edward Nketiah,0.8,0,0,0,0,2,0,0,0,,
13094,Timo Werner,3.7,26,19.3,6.7,21.2,15,26,10,0,,
13099,Ollie Watkins,4.7,29,14.3,10.2,40.8,1,47,9,1,,
13103,Roberto Firmino,3,8,17.8,4.6,7.4,12,21,2,1,,
13176,Dane Scarlett,2.1,3,0,0,0,18,0,1,1,,
13180,Che Adams,2.4,20,25.3,6.4,5.4,14,33,5,0,,
13181,Hal Robson-Kanu,-0.5,0,0,0,0,17,0,0,0,,
13182,Andi Zeqiri,0.7,0,0,0,0,4,0,0,0,,
13185,Carlos Vinicius Alves Morais,1.8,0,0,0,0,18,0,0,1,,
13193,Christian Benteke,1.5,3,0.4,2.3,5.4,10,17,1,0,,
13195,Joshua King,0.5,1,0.8,0.3,2.4,13,0,1,0,,
13209,Cheikh Diaby,-1,0,0,0,0,17,0,0,0,,
13240,Charlie Austin,0,0,0,0,0,17,0,0,0,,
13243,Ashley Barnes,0.6,3,12.1,6,0,3,49,2,1,,
13274,Albian Ajeti,0,0,0,0,0,8,0,0,0,,
13287,Danny Ings,1.6,-4,12.3,9.2,11.4,14,68,2,0,,
13295,Bobby Decordova-Reid,1.6,10,13.8,5,12,19,24,2,1,,
13303,Michy Batshuayi,2,3,10.6,1.7,4.2,10,2,1,0,,
13304,Ademipo Odubeko,0.5,0,0,0,0,8,0,0,0,,
13323,Harry Kane,0,28,26.5,13.1,40.2,18,64,8,1,,
13329,Edinson Cavani,3.2,37,27.6,11.5,40.2,7,47,8,1,,
13341,Florin Andone,0,0,0,0,0,4,0,0,0,,
13350,Fabio Silva,1.3,0,1.3,2.3,4.4,9,17,1,1,,
13357,Chris Wood,0.4,0,0,0,0,3,0,0,1,,
13373,Connor Wickham,0,0,0,0,0,10,0,0,0,,
13376,Glenn Murray,0,0,0,0,0,4,0,0,0,,
13387,Patrick Cutrone,0,0,0,0,0,9,0,0,1,,
13390,Mbwana Samatta,0,0,0,0,0,1,0,0,1,,
13397,Lys Mousset,-0.5,0,0,0,0,5,0,0,1,,
13405,Joel Mumbongo,-0.4,0,0,0,0,3,0,0,1,,
13412,Max Thompson,-0.5,0,0,0,0,3,0,0,1,,
13417,Michael Obafemi,0,0,0,0,0,14,0,0,0,,
13418,Dominic Calvert-Lewin,4.5,39,14.3,9.1,37.6,13,39,12,0,,
13428,David McGoldrick,1.7,5,11,2.8,8.4,5,9,1,1,,
13440,Yoshinori Muto,0,0,0,0,0,16,0,0,1,,
13441,Antwoine Hackford,-0.5,0,0,0,0,5,0,0,1,,
13446,Daniel N'Lundulu,0.6,3,0,0.2,0,14,2,1,0,,
13447,Aleksandar Mitrović,1.2,3,11.8,2.6,0,19,14,1,1,,
13449,Anthony Martial,3.6,0,0,0,0,7,0,0,1,,
13463,Jay Rodriguez,0.5,0,0,0,0,3,0,0,1,,
13475,Joelinton Cássio Apolinário de Lira,0.4,4,0.5,0.9,6.4,16,2,1,1,,
13481,Ellis Simms,0,0,0,0,0,13,0,0,0,,
13488,Patrick Bamford,5.8,27,2,10.4,39.4,6,63,6,1,,
13489,Karlan Grant,0.2,6,0.8,0.6,3.2,17,2,2,0,,
13491,Callum Robinson,1.5,0,0,0,0,17,0,0,0,,
13500,Oliver McBurnie,0.2,9,33.8,4.8,10.4,5,4,2,1,,
13502,Sergio Agüero,0,0,0,0,0,11,0,0,0,,
13523,Jordan Ayew,2.5,2,15.2,6.4,6,10,43,2,0,,
13532,Michail Antonio,6.3,1,0.7,0.1,0,8,2,2,0,,
13533,Callum Wilson,4.3,1,0.2,2.4,3.2,16,21,1,1,,
13538,Leonardo Campana,-0.5,0,0,0,0,9,0,0,1,,
13541,Keinan Davis,-0.3,0,0,0,0,1,0,0,1,,
13542,Odion Ighalo,0,0,0,0,0,7,0,0,1,,
13550,Olivier Giroud,1.5,5,3,0.7,1.8,15,2,2,0,,
13555,Josh Maja,1.2,2,0.8,0.3,0,19,4,1,1,,
13559,Rhian Brewster,0.5,3,0.3,3.7,0.2,5,36,1,1,,
13570,Andy Carroll,0.7,0,0,0,0,16,0,0,1,,
13583,Willian José Da Silva,2,6,1,0.4,1.4,9,2,2,1,,
13584,Joe Gelhardt,1.1,0,0,0,0,6,0,0,1,,
13587,Indiana Vassilev,0,0,0,0,0,1,0,0,1,,
13589,Wesley Moraes,0,0,0,0,0,1,0,0,1,,
13590,Sébastien Haller,0,0,0,0,0,8,0,0,0,,
13591,Matej Vydra,0.6,9,32.2,8.9,9.4,3,47,2,1,,
13593,Billy Sharp,2.7,2,0.8,2.6,4.4,5,21,1,1,,
13597,Rodrigo Moreno,0,0,0,0,0,6,0,0,1,,
13603,Islam Slimani,0,0,0,0,0,20,0,0,0,,
13611,Jordan Hugill,0,0,0,0,0,8,0,0,0,,
13612,Alexandre Lacazette,4.2,2,16.6,2,3.8,2,0,1,0,,
13618,Tammy Abraham,1.3,0,0,0,0,15,0,0,0,,
13622,Lewis Richardson,-0.5,0,0,0,0,3,0,0,1,,
13628,Cenk Tosun,0,0,0,0,0,13,0,0,0,,
13630,Mbaye Diagne,2.7,0,1,3.1,7,17,23,2,0,,
13635,Divock Origi,1,0,0,0,0,12,0,0,1,,
13651,Dwight Gayle,0.4,0,0,0,0,16,0,0,1,,
13654,Liam Delap,0,0,0,0,0,11,0,0,0,,
